file_path,bank_name
notices/780265/7e322ed8-e2c9-465d-9e9c-845e7914137f17801320287125.jpg,Indian Bank
notices/800442/aircil17824774112735.jpg,Asset Reconstruction Company (India) Ltd. (Arcil)
notices/800043/ARCL17823923041923.jpg,Asset Reconstruction Company (India) Ltd.
notices/800704/chola17825390227905.jpg,CHOLAMANDALAM INVESTMENT AND FINANCE COMPANY LIMITED
notices/800705/chola17825391151306.jpg,CHOLAMANDALAM INVESTMENT AND FINANCE COMPANY LIMITED
notices/798608/REPCO17822372293531.jpg,Repco Home Finance Limited
notices/799511/hdfc17823619941962.png,HDFC Bank Limited
notices/802679/ICI-2-17826509341694.jpg,ICICI Bank Limited
notices/801516/VISTR17825626086556.jpg,Vista Financial Services Private Limited
notices/801517/VISTAR17825627038380.jpg,Vistaar Financial Services Private Limited
notices/802019/pnbh-1-17826264131828.jpg,PNB Housing Finance Limited
notices/801116/canara317825539023890.jpg,Canara Bank
notices/797774/1-nidoo17821380933002.jpg,Nido Home Finance Limited
notices/798503/1hind17822302025956.jpg,Hinduja Housing Finance Limited
notices/798269/HINDUJA1782208384610.jpg,Hinduja Housing Finance Limited
notices/802621/clip-1079917826486933713.jpg,Bajaj Finance Limited
notices/800012/chola17823911434614.jpg,CHOLAMANDALAM INVESTMENT AND FINANCE COMPANY LIMITED
notices/795606/cb317818512509149.jpg,Canara Bank
notices/802636/CR-2-1782649578123.jpg,Canara Bank
notices/802628/clip-1080117826490732360.jpg,Aditya Birla Capital Limited
notices/797735/isa-2-17821359779823.jpg,India SME Asset Reconstruction Company Limited
notices/795604/cb417818509388711.jpg,Canara Bank
notices/797736/isa17821360684404.jpg,India SME Asset Reconstruction Company Limited
notices/796184/cb-2-1781877501981.jpg,Canara Bank
notices/799851/ICICI17823861789339.jpg,IICI Bank Limited
notices/800400/7dbe5fd7-5d21-488f-b4bd-c5090e5f0a0217824742764538.jpg,ICICI Bank Limited
notices/795585/cb-4-17818499666947.jpg,Canara Bank
notices/799850/ICICI17823860937076.jpg,IICI Bank Limited
notices/801022/chola317825524418242.jpg,CHOLAMANDALAM INVESTMENT AND FINANCE COMPANY LIMITED
notices/797879/au-2-17821477463830.jpg,AU Small Finance Bank Limited
notices/794837/ARCL17817641247339.jpg,Asset Reconstruction Company (India) Ltd.
notices/800551/20260625-6117824818303937.jpg,Edelweiss Asset Reconstruction Company Limited
notices/795679/6c621da7-b52c-43c6-8833-de859d40a8a217818587467062.jpg,Kotak Mahindra Bank Limited
notices/798457/9730d347-d0ad-4768-8b07-4d155c6e82a017822262467502.jpg,Canara Bank
notices/801223/a3afe3a6-6a44-4b3c-bacb-38d16205525117825562127401.jpg,Equitas small finance Bank
notices/800703/ba19810d-1896-4f24-9bdf-4f7ad7317e1217825389497635.jpg,Equitas Small Finance Bank Ltd
notices/800424/8d2401a1-7061-416c-916a-34e73fbe1faa17824762299032.jpg,Equitas Small Finance Bank Ltd
notices/800434/27c38b9d-8e7c-44b5-bf5c-fa0354f1eab817824768793379.jpg,Equitas Small Finance Bank
notices/800466/sbii17824782697693.png,State Bank of India
notices/800418/75a1becc-2942-461a-a768-5f8355383a3a17824756214641.jpg,Equitas Small Finance Bank
notices/799899/EQUITS17823876808394.jpg,Equitas Small Finance Bank
notices/799537/967ea6c2-cc65-4502-89ce-13464d053a3d1782363483107.jpg,Equitas Small Finance Bank
notices/799375/5eabdaf3-d8d5-47f4-b4a2-b06b54a9f9df17823158559307.jpg,State Bank of India
notices/799311/1c2862b9-182d-4a98-811c-bebc36937adf17823093101134.jpg,Equitas Small Finance Bank
notices/799476/idbii17823585132951.jpg,IDBI Bank Ltd
notices/799109/96396377-146f-4ad3-b24d-c75235152c7117823028601923.jpg,Bank of Baroda
notices/797871/ffda86fe-f4f7-488a-8265-9faae204be0e17821455143392.jpg,Bank of Baroda
notices/797980/1-nbh17821820782290.jpg,Bank of Baroda
notices/797697/tatat1782132983987.jpg,Tata Capital Housing Finance Ltd
notices/802572/2a24a137-713f-4945-8be6-af9ace70453117826473922789.jpg,Canara Bank
notices/788993/07ba55b1-4f99-4e89-aee5-a1ffec92bb5817811569998243.jpg,Bank of Baroda
notices/790379/BOB17812609777384.jpg,Bank of Baroda
notices/789959/bob-3-17812337276257.jpg,Bank of Baroda
notices/800956/union17825503532402.jpg,Union Bank of India
notices/800482/45c56806-b6ca-4abe-aeb0-97a07c7a6e3517824790022121.jpg,The Repatriates Co-operative Finance & Development Bank Ltd.
notices/800151/ub-3-17824510114101.jpg,Union Bank of India
notices/800034/union-bank17823919145118.jpg,Union Bank of India
notices/799454/d2f697b4-4940-4fd5-86b5-6858bed9364417823510956285.jpg,Union Bank of India
notices/799287/529f0dff-7547-4660-8c0e-4b26df6888471782308378665.jpg,Union Bank of India
notices/797991/56cef8c1-7628-4e52-b404-663d1cb792c317821840505414.jpg,Union Bank of India
notices/797607/20260619-61-pages-517821297188081.jpg,DCB Bank Limited
notices/793563/ub-3-17816152692841.jpg,Union Bank of India
notices/800747/truh17825433949153.jpg,Truhome Finance Limited
notices/799795/6bd73418-e23f-490d-a8ad-492370ff395017823833783959.jpg,Punjab National Bank
notices/799379/boii17823165529131.jpg,Bank of India
notices/798800/hindhuja17822923329710.jpg,Hinduja Housing Finance Limited
notices/798794/hindhuja-2-17822921211580.jpg,Hinduja Housing Finance Limited
notices/798337/1aux17822133407135.jpg,Auxilio Finserve Pvt Limited
notices/797718/hindhuja-1-1782134193479.jpg,Hinduja Housing Finance Limited
notices/796614/pnb-2-17820259652098.jpg,Punjab National Bank
notices/796831/21d0d76d-3a4c-42f8-b896-696e9e95e82617820359465115.jpg,Punjab National Bank
notices/796217/chola-2-1781880417695.jpg,CHOLAMANDALAM INVESTMENT AND FINANCE COMPANY LIMITED
notices/794701/cb17817121944103.jpg,Canara Bank
notices/802622/clip-1080017826488326368.jpg,ICICI Home Finance Company Ltd.
notices/801785/grih17825719295340.jpg,Grihum Housing Finance Limited
notices/802043/tfl-4-17826280069177.jpg,Truhome Finance Limited
notices/800560/2026017824833695331.jpg,Axis Finance Ltd
notices/799492/truh1117823605492635.jpg,Truhome Finance Limited
notices/799480/jm-fg17823596646397.jpg,JM Financial Asset Reconstruction Company Limited
notices/799464/f8f913e0-bf67-460c-a0d3-060c164d32c71782353538728.jpg,YES BANK LIMITED
notices/799017/20260623-61-2417822997586085.jpg,Truhome Finance Limited
notices/797844/ad38eeda-537f-45be-b617-bb1472ff580a17821416312839.jpg,JM Financial Asset Reconstruction Company Limited
notices/797758/1-motil17821375965766.jpg,Motilal Oswal Home Finance Limited
notices/797738/jm-2-1782136176345.jpg,JM Financial Asset Reconstruction Company Limited
notices/797395/JMF17821164657020.jpg,JM Financial Asset Reconstruction Company Limited
notices/794897/CANRA17817666856902.jpg,Canara Bank
notices/794846/sriram17817642635812.jpg,Shriram Finance Ltd
notices/796202/aditya117818790392379.jpg,Aditya Birla Housing Finance Limited
notices/799493/truh217823607129090.jpg,Truhome Finance Limited
notices/799296/1230fe3a-d599-4f24-8de4-387945c2725e17823085884967.jpg,Piramal Finance Ltd
notices/799011/20260623-61-2317822995134371.jpg,Grihum Housing Finance Limited
notices/798779/1-truh17822904421969.jpg,Truhome Finance Limited
notices/798525/e804c0a0-781c-4dba-b086-437bc77df73a1782232091733.jpg,Piramal Finance Ltd
notices/798218/IOB-BNK17822042857830.jpg,Indian Overseas Bank
notices/798152/c13784be-33c3-4622-b0c5-25a1b882dc8717822009134959.jpg,Piramal Finance Ltd
notices/797643/INDU17821314332484.jpg,IndusInd Bank Ltd
notices/796603/the17820242826758.jpg,Tamilnadu Industrial Investment Corporation Limited (TIIC Ltd.)
notices/795314/chola17817861173552.jpg,Cholamandalam Investment and Finance Company Limited
notices/795764/CHOLAMNDL-2-17818628071565.jpg,Cholamandalam investment and Finance Company Limited
notices/794586/nido17817022633328.jpg,Nido Home Finance Limited
notices/793915/tam1781668253399.jpg,The Tamilnadu Industrial Investment Corporation Limited
notices/797289/116ce3a4-1a3c-4d6e-9cf2-07a4cca42c2117820962467703.jpg,IDBI Bank Ltd
notices/793632/sbi-2-1781618440659.jpg,State Bank of India
notices/795706/e8ebfd93-7e7c-4e1b-89e1-06657024f78817818611359155.jpg,State Bank of India
notices/795116/4b2d35d7-944c-4b8d-8379-9207372ce15817817797707417.jpg,Tamilnad Mercantile Bank Ltd.
notices/795870/The-New-Indian-Express-Dharmapuri-16-06-2026-page-3-117818657032282.jpg,Karnataka Bank Ltd
notices/800663/indian-overseas1782535278529.jpg,Indian Overseas Bank
notices/799781/63165b15-5818-4f96-b6a3-a4617a78db9917823828554383.jpg,Indian Overseas Bank
notices/800503/IOB17824801194219.png,Indian Overseas Bank
notices/798622/INDIN-OVER17822391625602.png,Indian Overseas Bank
notices/798073/1iob1782193788926.jpg,Indian Overseas Bank
notices/797734/iob17821358481345.jpg,Indian Overseas Bank
notices/797380/bajaj-2-17821163468099.jpg,Bajaj Housing Finance Ltd
notices/796269/KARNTK17819386388079.jpg,Karnataka Bank Ltd
notices/796454/IOB17819573699405.png,Indian Overseas Bank
notices/796271/KARNTK17819389935603.jpg,Karnataka Bank Ltd.
notices/796272/KARNTK17819391325440.jpg,Karnataka Bank Ltd.
notices/793702/kb17816210113813.jpg,Karnataka Bank Ltd
notices/797447/IDBI17821203795229.jpg,IDBI Bank Ltd
notices/799544/iob17823643021795.png,Indian Overseas Bank
notices/801763/Dharmapuri-117825702132879.png,Indian Overseas Bank
notices/794905/ICI-2-17817674216238.jpg,ICICI Bank Limited
notices/796033/IOB17818712871076.jpg,Indian Overseas Bank
notices/796314/ICICI17819459867120.png,ICICI Bank Limited
notices/796915/c2b55019-f81e-46e4-9475-1a3385fd037a17820415202598.jpg,IDBI Bank Ltd
notices/795152/icici-1-17817809308788.jpg,ICICI Bank Limited
notices/795789/DBTS17818636503172.jpg,Life Insurance Corporation
notices/797250/1d12d6c8-519b-4c0e-a1b0-5f0af774baef17820916652714.jpg,The Karur Vyssa Bank Ltd.
notices/796168/bob-1-17819429963986.jpg,Bank of Baroda
notices/800112/e33cf08a-1532-48fd-86e8-8fdaebf4ed8117823976722423.jpg,State Bank of India
notices/799364/axis1782314065855.jpg,Axis Finance Limited
notices/796914/bomn17820411701658.jpg,Bank of Maharashtra
notices/795732/17d85436-6082-417a-b633-9e988bb8c52317818618866152.jpg,CSB Bank Limited
notices/795269/1-tamil17817845139081.jpg,Tamil Nadu Industrial Investment Corporation Limited
notices/795232/jana-3-17817835894981.jpg,Jana Small Finance Bank Limited
notices/795230/jana-1-17817832888250.jpg,Jana Small Finance Bank
notices/792880/chola-2-17815331845450.jpg,CHOLAMANDALAM INVESTMENT AND FINANCE COMPANY LIMITED
notices/784741/TATAA17806639014324.jpg,Tata Capital Limited
notices/790392/CANARA17812618436526.png,Canara Bank
notices/790387/CANAR17812616941765.png,Canara Bank
notices/801383/canara1782559464313.png,Canara Bank
notices/802618/CANRR17826486277215.jpg,Canara Bank
notices/796381/smfg-2-17819512212863.jpg,SMFG India Credit Co. Ltd.
notices/796261/REPCO17819372686398.jpg,Repco Home Finance Limited
notices/795689/repco17818597894593.jpg,Repco Home Finance Limited
notices/791522/d12d8fb8-4167-4ea5-83df-bd49b293e41117814004543489.jpg,Repco Home Finance Limited
notices/791581/Dharmapur-217814086253546.png,Repco Home Finance Limited
notices/790131/5d4c5bb7-ef60-4150-aa22-ba8c12b9df6517812490693650.jpg,Repco Home Finance Limited
notices/795701/iob17818608664227.jpg,Indian Overseas Bank
notices/795957/INDIN-2-17818683314145.jpg,Indian Overseas Bank
notices/800723/chola117825400799624.jpg,CHOLAMANDAM INVESTMENT AND FINANCE COMPANY LIMITED
notices/800724/chola117825402095911.jpg,CHOLAMANDALAM INVESTMENT AND FINANCE COMPANY LIMITED
notices/795754/mhf17818624887332.jpg,Manappuram Home Finance Ltd
notices/796813/47bde643-ce3d-45fe-8c0f-6030a96f566c17820352146257.jpg,Asset Reconstruction Company (India) Limited (ARCIL)
notices/791471/74dc9467-7b17-478c-b6d4-199d15ddaa8f17813692049315.jpg,Tamilnad Mercantile Bank Limited
notices/785373/hdfc17807320197000.png,HDFC Bank Limited
notices/794898/CNR-2-17817668141406.jpg,Canara Bank
notices/793190/2b381fbb-69ed-41cd-ac7f-86f7d8fdea3e17815867304741.jpg,Housing CHOLAMANDALAM INVESTMENT AND FINANCE COMPANY LIMITED
notices/791204/INDUS-2-17813531436894.jpg,INDUSIND BANK LTD
notices/792285/fc7dadd7-8811-4aad-a9ff-ef12246a1b7517814851647571.jpg,INDUSIND BANK LTD
notices/802076/1b7670fb-d97c-4abc-a91f-7f4fc166fe0d17826305046154.jpg,Bank of Baroda
notices/784124/Dharmapuri-317806389959146.png,Canara Bank
notices/793735/ee68d292-03bd-4dd9-a427-ea1fc7f5c21a17816243579027.jpg,State Bank of India
notices/795132/tfl-2-17817799938410.jpg,Truhome Finance Limited
notices/795137/tfl217817804589403.jpg,Truhome Finance Limited
notices/795135/tfl-3-1781780259925.jpg,Truhome Finance Limited
notices/791463/63b58100-0bed-42d0-a6c5-ec882151d3e817813685754631.jpg,ICICI Bank Limited
notices/790736/icici-2-17812807925972.jpg,ICICI Bank Limited
notices/800467/CHOLAMNFL17824781189759.jpg,CHOLAMANDALAM INVESTMENT AND FINANCE COMPANY LIMITED
notices/799942/CHOLAMDNL17823887867634.jpg,Cholamandalam Investment and Finance Company Limited
notices/794326/ICI17816940308004.jpg,ICICI Bank Limited
notices/791524/d50c5752-5b09-485c-a7aa-f430cb5b099e17814008295722.jpg,Tamilnad Mercantile Bank Limited
notices/795877/The-New-Indian-Express-Dharmapuri-16-06-2026-page-9-117818658269109.jpg,The South Indian Bank Ltd
notices/796224/chola-3-17818809816712.jpg,Cholamandalam Investment and Finance Company Limited
notices/790442/CNR-2-17812639367782.jpg,Canara Bank
notices/802428/Screenshot-27-6-2026-123113-17826443222208.jpeg,Punjab National Bank
notices/801305/75796326-e75b-4bd2-bf91-1fcf6b23ba821782557749384.jpg,Repco Home Finance Ltd
notices/801180/pnb-2-1782555602701.jpg,Punjab National Bank
notices/801181/pnb-1-17825557159613.jpg,Punjab National Bank
notices/798785/3865905f-e8c2-4c20-9984-1e070cea731317822913743651.jpg,Punjab National Bank
notices/797836/a57793a3-382e-4c80-abc3-4a07a954f42c17821412305221.jpg,Punjab National Bank
notices/796941/PJB17820435443440.jpg,Punjab National Bank
notices/794528/1-ugrow17817005308888.jpg,U GRO Capital Limited
notices/793234/icici17815914025396.jpg,ICICI Bank Limited
notices/785879/CNR17807579634680.png,Canara Bank
notices/800156/icici17824518927149.jpg,ICICI Bank Limited
notices/800788/icici17825466294307.jpg,ICICI Bank Limited
notices/777445/DBS17797965661963.jpg,DBS Bank India Limited
notices/802767/PJB17826535273651.jpg,Punjab National Bank
notices/784564/PNB-217806563346518.jpg,Punjab National Bank
notices/785935/a57837a3-c687-4403-b035-3c09cd32433817808000473866.jpg,Punjab National Bank
notices/785947/d143df21-fe5d-447d-b040-c46aebea53c917808033325220.jpg,Punjab National Bank
notices/785460/38952916-6ba0-490d-911c-7846a6fd6a9c17807363309046.jpg,Bank of Baroda
notices/784747/bob17806642257795.jpg,Bank of Baroda
notices/785722/bob-1-17807490442770.jpg,Bank of Baroda
notices/790107/3e4ef906-acaf-4b30-9208-668b204d12d417812480363944.jpg,City Union Bank Ltd
notices/798445/77c892fa-6fc3-471a-85d4-88e33bdc37ec17822237357284.jpg,The South Indian Bank Ltd
notices/798609/REPC17822376045285.jpg,Repco Home Finance Limited
notices/792733/SBI17815251727503.jpg,State Bank of India
notices/792881/L84359419617815329604953.png,The South Indian Bank Limited
notices/788831/sbi-bnl1781102221386.jpg,State Bank of India
notices/788141/sbi-3-1781015411946.jpg,State Bank of India
notices/795509/jan17818004344625.jpg,Jana Small Finance Bank Limited
notices/798138/chola17822005707538.jpg,CHOLAMANDALAM INVESTMENT AND FINANCE COMPANY LIMITED
notices/786537/34b18d29-4a56-4310-b3cf-e615f836ddfa1780882765296.jpg,Housing CHOLAMANDALAM INVESTMENT AND FINANCE COMPANY LIMITED
notices/802482/BOM-2-1782645358954.jpg,Bank of Maharashtra
notices/792776/bom17815272513407.jpg,Bank of Maharashtra
notices/798529/BANK-OF-MAHA17822323126336.png,Bank of Maharashtra
notices/792778/bom-3-17815275957705.jpg,Bank of Maharashtra
notices/793149/hdfc-2-17815834949036.jpg,HDFC Bank Ltd
notices/783876/TAMILND17805868005082.jpg,Tamilnad Mercantile Bank Limited
notices/790428/CB1781263537963.png,Canara Bank
notices/802484/BOM17826454976666.jpg,Bank of Maharashtra
notices/798733/POONWALA17822868197694.jpg,Poonawalla Fincorp Ltd
notices/794731/a5df1adc-dd60-4043-abbf-98b0adb5b45817817548587041.jpg,Canara Bank
notices/793674/1-Axis-bnk17816195877014.png,Axis Bank Ltd
notices/792946/0980d6eb-a7fc-4186-aff4-3772c2055cc917815377868883.jpg,Indian Overseas Bank
notices/792777/bom-2-17815275153542.jpg,Bank of Maharashtra
notices/788140/sbi-2-17810152873600.jpg,State Bank of India
notices/788143/sbi17810156181341.jpg,State Bank of India
notices/786543/77eefc65-5c80-447e-bb63-feb8aa414cdd17808876969911.jpg,Canara Bank
notices/785053/L84136725517807095661445.png,Union Bank of India
notices/798761/CAN17822896497103.jpg,Canara Bank
notices/793567/cbvv17816153907358.jpg,Canara Bank
notices/784709/CSB17806635335001.jpg,CSB Bank Limited
notices/788298/Dharmapuri-217810687051188.png,Canara Bank
notices/792289/fc516421-3e47-4e00-ac48-05c596f4607517814858728462.jpg,Canara Bank
notices/779491/KRAZY1780039270278.jpg,KrazyBee Services Limited
notices/784828/CITY17806693539013.jpg,City Union Bank Ltd
notices/802619/CNR-2-17826488667196.jpg,Canara Bank
notices/802091/6a882ffd-318a-4132-a840-b20396a4d26417826311112712.jpg,Canara Bank
notices/800088/CAR17823945859335.jpg,Canara Bank
notices/801240/a9da1d23-01a1-4167-93ea-9ff623cf35c617825566791621.jpg,Canara Bank
notices/801727/cd4376bf-56ff-4ffe-8695-3ab8df3b843717825682395900.jpg,Union Bank of India
notices/801183/UNION17825554104303.jpg,Union Bank of India
notices/800891/The-New-Indian-Express-Dharmapuri-23-06-2026-page-7-page-000117825483117460.jpg,Union Bank of India
notices/800539/UB-2-17824820213981.jpg,Union Bank of India
notices/800153/ub-2-17824514607021.jpg,Union Bank of India
notices/800168/382fda1b-ca20-4113-8ba2-353aef7beecf17824551044484.jpg,Union Bank of India
notices/800152/ub-1-17824512523338.jpg,Union Bank of India
notices/798783/30093aaa-4ba1-43dc-a5ab-797848263ee917822911944013.jpg,Union Bank of India
notices/792973/ub17815413242344.jpg,Union Bank of India
notices/792282/fa07b64f-541b-418a-8432-8422886db96c1781484655637.jpg,Union Bank of India
notices/792229/NIE-21781457074375.png,Union Bank of India
notices/791571/ub17814075954990.jpg,Union Bank of India
notices/802657/cb17826500831409.jpg,Canara Bank
notices/802549/CANR17826470154412.jpg,Canara Bank
notices/802542/CANR-4-17826469032453.jpg,Canara Bank
notices/801706/CANRA-2-17825662476695.jpg,Canara Bank
notices/801365/canara-ba17825590499185.png,Canara Bank
notices/801358/canara17825588399947.png,Canara Bank
notices/801368/canara-ba17825591772758.png,CANARA BANK
notices/799597/HDFC17823718725246.jpg,HDFC Bank Limited
notices/802630/clip-1080217826492653568.jpg,L&T Finance Limited
notices/802513/CANR-2-17826458742956.jpg,Canara Bank
notices/802361/4a6af0fb-d2fe-451e-9603-098c7624cfbd17826432772606.jpg,Canara Bank
notices/802389/4c969139-3f17-49b9-96c3-e87d6eec019817826437791783.jpg,Canara Bank
notices/800453/e9d86399-a317-47da-befa-03431f286e2417824779043895.jpg,State Bank of India
notices/798992/20260623-61-1417822990138148.jpg,Jana Small Finance Bank Limited
notices/785100/b5935ff8-48d5-42e1-9c67-824737b92fa81780720492446.jpg,The Federal Bank Ltd
notices/801783/ef62eb1e-bcfb-466b-b470-11e2635d111c17825715947667.jpg,Canara Bank
notices/788062/ac69e198-5b81-4179-bc69-648091790fc117810100915276.jpg,ICICI Bank Limited
notices/802709/INDIAN-2-17826514749316.jpg,Indian Bank
notices/791465/065cd651-5408-4884-b86a-c316788a1d4117813688215403.jpg,Indian Overseas Bank
notices/801525/bobbm17825627864372.jpg,Bank of Baroda
notices/801770/Dharmapuri-217825703837662.png,Bank of Baroda
notices/801735/ce457945-9f4c-45b8-8201-516af61468a917825684649873.jpg,Bank of Baroda
notices/800267/bobb1782461955576.png,Bank of Baroda
notices/797434/3f2e58b3-155c-4663-a95b-7a21be381e7f17821201352186.jpg,Cholamandalam Investment and Finance Company Limited
notices/791004/bob-5-1781334482260.jpg,Bank of Baroda
notices/791554/dbb213ce-d110-4f49-a8b7-958d135237d517814056264692.jpg,Bank of Baroda
notices/793058/0d9fc4d7-8fe6-4074-a195-cbd47f427c3517815756673481.jpg,Bank of Baroda
notices/784755/choll17806645493050.jpg,CHOLAMANDALAM INVESTMENT AND FINANCE COMPANY LIMITED
notices/783141/c9dc2272-4eda-449f-b988-ad34bc32463c17805054568823.jpg,Cholamandalam Investment and Finance Company Limited
notices/782577/chol1780477982396.jpg,Cholamandalam Investment &amp; Finance Company Limited
notices/786510/city-3-17808566319944.jpg,City Union Bank Limited
notices/799983/iifl17823900816932.jpg,IFL Home Finance Limited
notices/797958/20260620-61-1717821786757937.jpg,Motilal Oswal Home Finance Limited
notices/798812/jm17822928707783.jpg,JM Financial Asset Reconstruction Company Limited
notices/797638/1-jmfy17821374103666.jpg,JM Financial Asset Reconstruction Company Limited
notices/794667/20260613-61-1617817090886706.jpg,Truhome Finance Limited
notices/795524/20260610-61-2717818016403829.jpg,Truhome Finance Limited
notices/789731/SHRIRAM17811828935920.jpg,Shriram Finance Limited
notices/800235/7cf11e13-a9e4-4381-8057-53759658274a17824596324471.jpg,Indian Overseas Bank
notices/792016/91c54b0f-1507-4125-a10a-0759f1b6c14117814404198606.jpg,Vistaar Financial Services Private Limited
notices/791318/vfs17813585217812.jpg,Vistaar Financial Services Private Limited
notices/791510/VII17813711887705.jpg,Vistaar Financial Services Private Limited
notices/796230/42b742ad-99ed-44ed-87f7-92c32862c70e17818815575294.jpg,Vistaar Financial Services Private Limited
notices/796211/9158ea90-99fa-4aff-baed-1b2d02836d9b1781880115238.jpg,Vistaar Financial Services Private Limited
notices/796237/54a45c50-1521-4278-b4f4-157973267b5417818820393664.jpg,Vistaar Financial Services Private Limited
notices/791225/VISTAR17813542082083.jpg,Vistaar Financial Services Private Limited
notices/791512/VISSS17813714416493.jpg,Vistaar Financial Services Private Limited
notices/791226/VISTAR-2-17813542963.jpg,Vistaar Financial Services Private Limited
notices/793742/33acf99f-fdc7-4025-a019-ee8d318b821f17816265568839.jpg,Vistaar Financial Services Private Limited
notices/788528/VISATAR17810853395858.jpg,Vistaar Financial Services Private Limited
notices/790091/VISTAR17812470306642.jpg,Vistaar Financial Services Private Limited
notices/789767/vastus17811839041365.jpg,Vistaar Financial Services Private Limited
notices/788591/VISTAR17810878301577.jpg,Vistaar Financial Services Private Limited
notices/788631/VIS1781089404214.jpg,Vistaar Financial Services Private Limited
notices/800985/LQD17825515222121.jpg,Incorp Restructuring Services LLP
notices/785061/20260604-61-1417807153994374.jpg,Bank of Baroda
notices/792699/IOB17815241997693.jpg,Indian Overseas Bank
notices/795184/TMB1781781940208.jpg,Tamilnad Mercantile Bank Limited
notices/791095/iob17813466701911.jpg,Indian Overseas Bank
notices/782293/abe9a333-07b5-4c21-8758-79638b54990317804668806276.jpg,Asset Reconstruction Company (India) Ltd.
notices/785199/aircl-2-17807283071161.jpg,Asset Reconstruction Company (India) Ltd.
notices/785198/aircl17807279819725.jpg,Asset Reconstruction Company (India) Limited
notices/800458/cb-2-17824782557163.jpg,Canara Bank
notices/797546/82670c7e-233317821244488853.png,Canara Bank
notices/799465/f47cdec6-1f9f-41cb-9eb6-c37a74f0a49317823539892784.jpg,Canara Bank
notices/797561/82670c7e-2337-4dbb-a2c3-1acb18003e1017821252445237.jpg,Canara Bank
notices/797485/cb17821226456087.jpg,Canara Bank
notices/791317/vister17813584195730.jpg,Vistaar Financial Services Private Limited
notices/788630/VISTA1781089301133.jpg,Vistaar Financial Services Private Limited
notices/781910/CANR-2-17803982237911.jpg,Canara Bank
notices/800351/cb-5-17824706275184.jpg,Canara Bank
notices/798030/20260622-61-0717821887179876.jpg,Jana Small Finance Bank Limited
notices/797602/UGRO17821295112581.jpg,U GRO Capital Limited
notices/797487/chola17821227976074.jpg,Cholamandalam investment and Finance Company Limited
notices/796934/c58e00d1-df74-4494-8829-cd1064c1561717820430826740.jpg,HDB Financial Services Ltd
notices/796210/aditya217818800281000.jpg,Aditya Birla Housing Finance Limited
notices/795869/HINDUJA17818656572566.jpg,Hinduja Housing Finance Limited
notices/795339/0bcaf040-3bb8-4518-9248-b9c45ad88ebf17817872966764.jpg,Hinduja Housing Finance Limited
notices/789820/axis17811865105655.jpg,Axis Bank Limited
notices/792167/dbs17814539042061.jpg,DBS Bank India Limited
notices/801787/i-b17825720912196.jpg,Indian Overseas Bank
notices/798447/113baef0-f776-4530-ad9c-755c2434503617822243191747.jpg,Canara Bank
notices/799366/b5c7f7a6-5cd2-4c16-aeec-1e44aa450fb517823146286871.jpg,Canara Bank
notices/798792/hdb17822919393052.jpg,HDB Financial Services Limited
notices/797078/cda60319-1f8c-4030-94bc-c41d220df27017820510823179.jpg,IDBI Bank Ltd
notices/795879/ICI-2-17818660144916.jpg,ICICI Bank Limited
notices/797146/idbi17820549213687.jpg,IDBI Bank Ltd
notices/798897/CNR17822962692969.jpg,Canara Bank
notices/795227/state-bank17817831797108.jpg,State Bank of India
notices/781907/Screenshot-2-6-2026-105933-1780396954895.jpeg,Asset Reconstruction Company (India) Ltd.
notices/801519/bobb17825626285778.jpg,Bank of Baroda
notices/788030/a106d193-f9e3-4517-88fe-7a1c495e07e51781008669899.jpg,UCO BANK
notices/797830/tmb17821404384139.jpg,Tamilnad Mercantile Bank Ltd
notices/798881/CANRA17822959274630.jpg,Canara Bank
notices/799412/cf263fc2-baa8-4e00-8382-683c72f32d3017823189196147.jpg,Bank of India
notices/799360/1-truho17823105945784.jpg,Truhome Finance Limited
notices/799494/truh117823608422452.jpg,Truhome Finance Limited
notices/799274/1-bc904176-5a8c-4751-af28-ca1627f96f7917823079649995.jpg,Bank of India
notices/797079/BOI17820512979484.jpg,Bank of India
notices/796667/BOI-2-17820294328066.jpg,Bank of India
notices/795768/CHOLAMNDL17818629622453.jpg,Cholamandalam Investment and Finance Company Limited
notices/795757/CHOL17818625717346.jpg,Cholamandalam investment and Finance Company Limited
notices/795638/chola17818537055903.png,Cholamandalam Investment and Finance Company Limited
notices/795258/CHOLA17817839892262.jpg,Cholamandalam Investment and Finance Company Limited
notices/791205/INDUS17813532735934.jpg,IndusInd Bank Ltd
notices/785629/CHOLAMNDL17807451077780.jpg,Cholamandalam investment and Finance Company Limited
notices/785071/a27fa7e6-2610-4948-9b6f-89dab196a51617807181239886.jpg,The Karur Vysya Bank Ltd
notices/785047/L84136127117807083391994.png,HDFC Bank Limited
notices/784012/psb17805943017569.jpg,Punjab & Sind Bank
notices/784705/CHOLA17806633766872.jpg,Cholamandalam investment and Finance Company Limited
notices/794777/4f38b55c-22e2-4886-a1da-434cccfd9d101781760321604.jpg,ICICI Bank Limited
notices/793082/iob-2-17815783021920.jpg,Indian Overseas Bank
notices/785073/a002951d-6f35-4598-91dd-2b7674b6c6d81780718437513.jpg,Indian Overseas Bank
notices/785383/idbi17807322162715.jpg,IDBI Bank Ltd
notices/785449/20260605-61-2217807354876313.jpg,Hero Fincorp Limited
notices/781845/ARCL17803961751753.jpg,Asset Reconstruction Company (India) Limited
notices/781963/427343f3-1618-47a8-b581-bb478a62a9e617804010594023.jpg,The Karur Vysya Bank Ltd
notices/785664/FEDRAL17807462849817.jpg,The Federal Bank Ltd
notices/785156/01ea0d17-0305-4a8a-bda7-d9a48422079d17807259129305.jpg,Indian Bank
notices/783255/20260603-61-2017805519932055.jpg,The Repatriates Co-operative Finance & Development Bank Ltd.
notices/793941/cb-2-17816713954652.jpg,Canara Bank
notices/800426/9bb461da-be7d-46c7-b23a-8ec63de8509b17824763758496.jpg,State Bank of India
notices/797765/020a4443-cb2e-4d31-a722-b41ec7d4b37d17821378109898.jpg,State Bank of India
notices/797288/b74fa8d4-f35f-4bf0-ba72-f2338652950117820961907386.jpg,State Bank of India
notices/797379/axis17821160584957.jpg,Axis Bank Ltd
notices/796731/9d432d25-4842-4159-83e9-51b5203d667317820326245325.jpg,State Bank of India
notices/786335/6a8d805c-e402-43e8-9322-97a7b6fc1ce717808416913945.jpg,Indian Bank
notices/786008/yes1780810922415.jpg,Yes Bank Limited
notices/783412/ad21ad5f-70c7-4c32-aa75-cfa8539ef46f17805568872058.jpg,YES BANK
notices/799459/d0538f3f-3b1a-4ab1-9115-783a3bb7427d17823519972515.jpg,Canara Bank
notices/799369/bd5951c0-b341-4ca6-a2f2-04ba8786f9541782315207209.jpg,Canara Bank
notices/797112/d1dd3beb-be9f-4453-8dde-e24248ad168917820528656157.jpg,Canara Bank
notices/796694/794c1521-9bad-42f4-b1b2-b87bfba3fb3a17820308808490.jpg,Canara Bank
notices/796751/hdfc-2-17820338044292.jpg,HDFC Bank Ltd
notices/799929/ibbb17823885946206.png,Indian Bank
notices/799474/ibh17823581909777.jpg,Indian Bank
notices/775159/ARCIL17795164456008.jpg,Asset Reconstruction Company (India) Limited
notices/796300/BOB17819432834453.png,Bank of Baroda
notices/796159/bob-1-17818755933088.jpg,Bank of Baroda
notices/790065/0f085602-28b8-41df-a33a-921cc9b00aa017812461655891.jpg,Bank of Baroda
notices/791092/BOB-4-17813463162782.jpg,Bank of Baroda
notices/792742/bob-1-17815257059029.jpg,Bank of Baroda
notices/791234/kghjgf17813544971664.png,Bank of Baroda
notices/788367/111b15b3-164b-43a1-a49f-5f4530d9fcc717810744769823.jpg,Bank of Baroda
notices/788673/BOB-117810923734785.jpg,Bank of Baroda
notices/785417/5e63b05f-97cf-46a8-b130-6f2038e8141c17807325773482.jpg,Bank of Baroda
notices/784704/BOB17806632771447.jpg,Bank of Baroda
notices/778139/f6fe2075-816b-4d26-acbf-26f3b6323ea917798912221585.jpg,Bank of Baroda
notices/778084/c8503662-9747-42f7-9c8b-365151fb344817798881117493.jpg,Bank of Baroda
notices/796092/1cccc17818728265744.jpg,Canara Bank
notices/783943/CN17805907861894.jpg,Canara Bank
notices/780424/REPC17801409497395.jpg,The Repatriates Co-operative Finance & Development Bank Ltd.
notices/802380/bcce34d9-4585-4e39-8c63-4b76e804d50617826436882945.jpg,Punjab National Bank
notices/798926/IBO17822969038812.jpg,Indian Overseas Bank
notices/798611/REP17822378569139.jpg,Repco Home Finance Limited
notices/798816/repco17822930491441.jpg,Repco Home Finance Ltd
notices/797798/pnb-4-178213955096.jpg,Punjab National Bank
notices/797207/ugro17820633686480.jpg,U GRO Capital Limited
notices/796837/11e90606-7237-4e7d-bd43-0ed8f4e7623317820361023878.jpg,Punjab National Bank
notices/796333/bajaj17819483942950.jpg,Bajaj Housing Finance Ltd
notices/796331/bajaj1781948316243.jpg,Bajaj Housing Finance Ltd
notices/796267/KARNTK17819383495370.jpg,Karnataka Bank Ltd
notices/795776/CR178186325025.jpg,Canara Bank
notices/787172/inb17809277727219.jpg,IndusInd Bank Limited
notices/783857/repco-2-17805855075489.png,Repco Home Finance Limited
notices/783868/78386817825389375137.jpg,JM Financial Asset Reconstruction Company Limited
notices/783902/IDFC17805892067930.jpg,IDFC FIRST Bank Limited
notices/783867/78386717827960213617.jpg,JM Financial Asset Reconstruction Company Limited
notices/783246/89c25fe6-569d-4523-950b-888396d2099c1780549819834.jpg,Repco Home Finance Limited
notices/783038/CANR17804927173080.jpg,Canara Bank
notices/781677/CHOLA-917803847348575.jpg,Cholamandalam Investment and Finance Company Limited
notices/781680/CHOLA-817803850255859.jpg,Cholamandalam Investment and Finance Company Limited
notices/776883/6a129c390f95f63688482317797136092884.pdf,Repco Home Finance Limited
notices/777809/equats17798147372110.jpg,Equitas Small Finance Bank Ltd
notices/776882/6a10478babca157617582617797133934629.pdf,Repco Home Finance Limited
notices/779150/196a0c6b-6aea-4cad-a125-51ae4ad89e8b17799738267769.jpg,Repco Home Finance Limited
notices/775641/b50f1a18-56ba-4f23-be7f-3516165be03217795307092851.jpg,Equitas small finance Bank
notices/775644/78e88470-8555-4409-b600-ab13e8b678c917795308139942.jpg,Equitas Small Finance Bank Ltd
notices/775576/8b6c066e-9ffe-40e1-863e-84f1fe5f016f17795287393828.jpg,Equitas Small Finance Bank
notices/775572/88259afb-8ce1-4b43-a1c3-27c43776e8d81779528682571.jpg,Equitas Small Finance Bank Ltd
notices/775339/76f9030d-c6fd-4f45-ac4f-ebc186b9a6a217795206641961.jpg,Equitas Small Finance Bank
notices/802469/1cd572ba-04fb-485a-99a8-e2e92cd76e8e17826450842773.jpg,Punjab National Bank
notices/775459/89de3970-3cab-4385-8e42-5f9659bd616317795243804975.jpg,Equitas Small Finance Bank
notices/795994/PJB17818695942018.jpg,Punjab National Bank
notices/795239/PUNJB17817836935287.jpg,Punjab National Bank
notices/795262/PB17817844399285.jpg,Punjab National Bank
notices/795667/pnb-2-17818570082928.jpg,Punjab National Bank
notices/797797/pnb17821393823302.jpg,Punjab National Bank
notices/793575/pnb-2-17816164568389.jpg,Punjab National Bank
notices/786190/cb-5-17808264711097.jpg,Canara Bank
notices/795247/PUNB17817840302296.jpg,Punjab National Bank
notices/793572/pnb-1-1781616133475.jpg,Punjab National Bank
notices/783701/97373b16-ff11-463a-8023-1a5fbd4fcd3817805733727301.jpg,Punjab National Bank
notices/782534/1ff830b9-afa6-49cd-99cc-0819f723772917804772243348.jpg,Indian Bank
notices/793245/23359b6a-aac9-4568-a4a6-f0619dabb6c317815918266830.jpg,Sundaram Home Finance Limited
notices/779411/CHOLA-4-17800301147060.jpg,CHOLAMANDALAM INVESTMENT AND FINANCE COMPANY LIMITED
notices/778800/6b8ac2cf-95b9-4dfc-86f5-f3141594beec17799633348450.jpg,CHOLAMANDALAM INVESTMENT AND FINANCE COMPANY LIMITED
notices/778539/city117799549438296.png,City Union Bank Ltd
notices/780852/CUB17802442337968.jpg,City Union Bank Ltd
notices/797145/de27f401-4823-4cf6-946c-7450f7ebb0e717820546129203.jpg,Canara Bank
notices/796836/805273e3-0e64-4dab-84b8-14c6201e845d17820360957983.jpg,Axis Bank Ltd
notices/795295/canara17817856084597.jpg,Canara Bank
notices/795296/canara17817857021417.jpg,Canara Bank
notices/797601/20260619-61-pages-41782129466763.jpg,Jana Small Finance Bank Limited
notices/796842/13c53105-a66c-4878-8dc9-6e7bede67b4317820363389442.jpg,Indian Bank
notices/796672/507fb16b-6377-43cc-a17a-1f8a9486bf4317820297092530.jpg,Bank of Maharashtra
notices/796455/IOB17819575074622.jpg,Indian Overseas Bank
notices/795487/7564358c-1d1b-49cb-8b5d-8625f45305e617817985815444.jpg,Canara Bank
notices/795581/cb217818492685744.jpg,Canara Bank
notices/795062/canara17817780027969.jpg,Canara Bank
notices/795063/canara17817781226623.jpg,Canara Bank
notices/795136/tfl17817803622323.jpg,Truhome Finance Limited
notices/786507/north17808559948639.jpg,Northern Arc Capital Ltd
notices/794717/iob17817539003619.jpg,Indian Overseas Bank
notices/781606/BOB17803822364765.jpg,Bank of Baroda
notices/796320/cb-6-17819466765221.jpg,Canara Bank
notices/795640/iob17818539565881.jpg,Indian Overseas Bank
notices/793880/ujjin-4-17816648571077.jpg,Ujjivan Small Finance Bank
notices/795775/CNR17818631504751.jpg,Canara Bank
notices/793133/sbi17815818419494.jpg,State Bank of India
notices/793870/ujjin-1-17816638955836.jpg,Ujjivan Small Finance Bank Ltd
notices/795196/Can117817823634714.jpg,Canara Bank
notices/794589/ujjin-2-17817028871988.jpg,Ujjivan Small Finance Bank Ltd
notices/794587/ujjin-1-17817026191275.jpg,Ujjivan Small Finance Bank Ltd
notices/777165/c5edbcdf-9a65-4891-a2aa-b0b80283bf2017797833061526.jpg,Tamilnad Mercantile Bank Ltd
notices/778091/43761f9d-0ee0-48d1-8f29-82168a5a2f1a17798882899995.jpg,Tamilnad Mercantile Bank Ltd
notices/778060/6e78922f-e0c1-46a4-8636-010ba384244617798852566129.jpg,Tamilnad Mercantile Bank Ltd.
notices/793014/2475a7a6-9032-4d9d-9144-d3f2d5c7130e17815432973580.jpg,Tamilnad Mercantile Bank Limited
notices/792740/bob-2-17815254113906.jpg,Bank of Baroda
notices/795566/BOB17818476628393.jpg,Bank of Baroda
notices/781087/BAJ17803075644669.jpg,Bajaj Finance Limited
notices/779710/Tiruchy-117800525451798.png,City Union Bank Ltd
notices/802723/INDIAN17826520593703.jpg,Indian Bank
notices/780909/2cbbb628-d5f8-43e0-8767-fb54315c0b6c1780298001699.jpg,RBL Bank Ltd.
notices/795967/INDIN17818686955811.jpg,Indian Bank
notices/793709/pool178162121313.jpg,Poonawalla Fincorp Ltd
notices/794591/20260613-61-1217817032779088.jpg,Omkara Assets Reconstruction Pvt. Ltd
notices/793688/hdb17816202614487.jpg,HDB Financial Services Ltd
notices/781722/60af9acd-5fc5-4428-b346-44a68bd5ed4617803874834401.jpg,SMFG India Credit Company Limited
notices/781670/428e896a-08f4-41a0-8d3a-ce8cf333721a17803842541601.jpg,SMFG India Credit Co. Ltd.
notices/781749/6165e550-4d79-49e4-b534-43e609ea15fe17803918425305.jpg,SMFG India Credit Co. Ltd.
notices/781088/BAJAJ17803076632323.jpg,Bajaj Finance Limited
notices/779927/jana17800603264594.jpg,Jana Small Finance Bank Limited
notices/778915/53f1893d-3a44-484e-a511-44850035f4a91779966093498.jpg,Tamilnad Mercantile Bank Limited
notices/795647/city17818552729316.jpg,City Union Bank Ltd.
notices/781070/ALTUM17803068899658.jpg,Altum Credo Home Finance Pvt. Ltd.
notices/792694/IB17815240524391.jpg,Indian Bank
notices/780244/DRT17801284945336.jpg,Union Bank of India
notices/777917/arcil17798687811785.jpg,Asset Reconstruction Company (India) Limited
notices/787301/chola17809385275596.jpg,Cholamandalam Investment and Finance Company Limited
notices/793224/44048a5a-71eb-4c0f-8870-a18b5ed180c117815893138658.jpg,Vistaar Financial Services Private Limited
notices/794842/tfl17817640808692.jpg,Truhome Finance Limited
notices/790702/canfin17812783027975.jpg,Can Fin Homes Ltd
notices/792774/KARUR17815271424809.jpg,The Karur Vysya Bank Ltd
notices/790534/JANA17812661529751.jpg,Jana Small Finance Bank Limited
notices/791256/KARUR17813551929773.jpg,The Karur Vysya Bank Ltd.
notices/794651/1-hdf17817071094549.jpg,HDFC Bank Ltd
notices/794695/1-e6767894-01a1-4502-8bcd-09beef48447017817117043991.jpg,PNB Housing Finance Limited
notices/791340/cf9abe3d-90cd-4321-8f09-b0c62e53732117813601368453.jpg,Bank of Baroda
notices/790125/PNB17812488653694.jpg,PNB Housing Finance Limited
notices/787218/choll17809349422707.jpg,Cholamandalam Investment and Finance Company Limited
notices/781780/23518e8b-7673-4a82-a24c-ddc4aed4665717803927799686.jpg,Bank of Baroda
notices/781746/5199d72f-2a31-4c2b-8cfe-1732d7cc63e017803915321435.jpg,Bank of Baroda
notices/781605/8b190639-6d48-4d69-a4d6-b769400683eb17803822159816.jpg,Bank of Baroda
notices/779009/77900917827960919116.jpg,PNB Housing Finance Limited
notices/775139/chola17795146297155.jpg,CHOLAMANDALAM INVESTMENT AND FINANCE COMPANY LIMITED
notices/790898/axis-2-1781322858411.jpg,Axis Bank Ltd
notices/792888/city17815333387238.jpg,City Union Bank Limited
notices/785632/IOB17807452103689.png,Indian Overseas Bank
notices/780458/can17801426441791.pdf,Canara Bank
notices/777797/cb-1-17798127138450.png,Canara Bank
notices/777798/cb-2-17798128157139.png,Canara Bank
notices/780486/CAN17801440676819.pdf,Canara Bank
notices/774928/JAI-POWER-BRICKS-SALE-DATED-3006202617794524211896.pdf,Canara Bank
notices/790425/CB-2-17812632302730.png,Canara Bank
notices/791406/cb-2-17813640086254.png,Canara Bank
notices/790058/0ccfc61a-06ca-469d-ad56-bb5ba79e292b17812455888808.jpg,Canara Bank
notices/798632/d1f85327-6e4a-45d7-bc10-33742089b30617822729553800.jpg,Canara Bank
notices/780510/CNR17801447819523.pdf,Canara Bank
notices/802533/CANR-3-17826463303024.jpg,Canara Bank
notices/795985/1c22-page-000117818692801469.jpg,Canara Bank
notices/796765/21f44e5e-ad48-43ec-b5ff-42b6ab9cad9d17820337115040.jpg,Canara Bank
notices/796304/CANR17819436919200.jpg,Canara Bank
notices/795974/1c11-page-000117818689087956.jpg,Canara Bank
notices/795362/7564358c17817890221035.png,Canara Bank
notices/795522/L84409346717818014555324.png,Canara Bank
notices/795523/L84409347517818015893687.png,Canara Bank
notices/795144/dce6b54a-e478-4337-b005-96fbb481c62e1781780620251.jpg,Canara Bank
notices/794359/CR17816951245561.jpg,Canara Bank
notices/794045/CNR17816790608444.jpg,Canara Bank
notices/794336/CANAR1781694226756.jpg,Canara Bank
notices/792030/0195f7d6-c025-48b9-b3c3-41162c79c98117814435975116.jpg,Equitas Small Finance Bank Ltd.
notices/791097/CAN17813466671482.jpg,Canara Bank
notices/790417/CANR17812625684393.jpg,Canara Bank
notices/790432/CN-2-17812636197400.jpg,Canara Bank
notices/789776/can-117811825221168.pdf,Canara Bank
notices/785082/aa057906-4d5b-4478-ae5a-ad68ed5ef89a17807188155414.jpg,Canara Bank
notices/789207/L84293868417811614162710.png,Canara Bank
notices/779090/343bb048-cdc1-401b-8cb9-c73670836d5b17799720841434.jpg,Canara Bank
notices/778779/4eef8ce9-f721-4451-95d4-113c3e406f5917799627065575.jpg,Canara Bank
notices/775471/3a17bd2a-10ee-468e-b407-387b29d2037d17795259497770.jpg,State Bank of India
notices/795700/dbs1781860703552.png,DBS Bank India Limited
notices/795510/jana1781800581854.jpg,Jana Small Finance Bank Limited
notices/799400/c87cb060-6652-4751-abc8-745e066a464617823177255589.jpg,Union Bank of India
notices/795263/cann17817843715835.jpg,Canara Bank
notices/794527/1-u-gr17817004015884.jpg,U GRO Capital Limited
notices/793670/ib17816201062549.jpg,Indian Bank
notices/793669/ib-4-17816200146460.jpg,Indian Bank
notices/793338/83093cb2-9b4d-4252-b759-341c794622c017815963977759.jpg,Canara Bank
notices/793355/cb-2-17815987358989.jpg,Canara Bank
notices/793233/hero17815904931332.jpg,Hero Housing Finance Limited
notices/793276/983051e8-312a-48b6-9d15-954ce08d07de17815937387270.jpg,Canara Bank
notices/793226/49364e01-639d-4e49-85a7-1fe4bacd940f17815895202053.jpg,Canara Bank
notices/793092/iob-4-1781578758304.jpg,Indian Overseas Bank
notices/792992/1ccc17815420275976.jpg,Canara Bank
notices/793083/iob-3-17815784122454.jpg,Indian Overseas Bank
notices/793084/iob178157852129.jpg,Indian Overseas Bank
notices/792287/fd20e930-d92a-4002-8d01-757038879b7217814855067559.jpg,Canara Bank
notices/792082/573d29ff-3130-4e67-b785-38c83c361bdb1781446600780.jpg,Canara Bank
notices/791580/Dharmapur-117814084581690.png,Equitas Small Finance Bank Ltd.
notices/791426/cb-12-17813669185990.jpg,Canara Bank
notices/791424/cb-10-17813666666627.jpg,Canara Bank
notices/791237/413c0d2a-b2e9-4f43-bd08-a3641f80ffff17813537462726.jpg,IDFC FIRST Bank Limited
notices/791108/CB17813477226122.jpg,Canara Bank
notices/791107/CAR17813476217635.jpg,Canara Bank
notices/790719/cb-5-17812803787631.jpg,Canara Bank
notices/789627/NIDOOO17811796121697.PNG,Nido Home Finance Limited
notices/787185/li-4-17809291314862.jpg,St. John Freight Systems Limited
notices/782855/d63bf03f-7cce-4e43-9536-b7313ef2703d17804871168318.jpg,Repco Home Finance Limited
notices/780580/Dharmapuri-117801491615287.png,Central Bank of India
notices/779865/tru117800584751527.png,Truhome Finance Limited
notices/779485/chola17800389895809.jpg,Cholamandalam Investment and Finance Company Limited
notices/779519/cb17800421844342.jpg,Canara Bank
notices/779051/STATE17799716758394.jpg,State Bank of India
notices/778127/504f0e4f-6431-47e8-be50-f91d41a42ba717798901147155.jpg,Canara Bank
notices/778097/canr17798884702629.jpg,Canara Bank
notices/778570/1a74e483-e6ae-4327-a2ef-d75583313a0417799580484482.jpg,Repco Home Finance Limited
notices/777539/e24db153-d366-4730-a39f-d1c7d7c8819f17797991359944.jpg,The Federal Bank Ltd
notices/777487/CHOLA-3-17797978321460.jpg,Cholamandalam investment and Finance Company Limited
notices/777512/6a116ee996f597783988991779798504396.pdf,Repco Home Finance Limited
notices/777455/6a0da09ff1fe964191015017797970979202.pdf,Repco Home Finance Limited
notices/776999/HINDUJA17797277553240.jpg,Hinduja Housing Finance Limited
notices/776255/56cefd8e-64d6-4c27-8ba4-100c3dda6436177968215667.jpg,Repco Home Finance Limited
notices/776295/fbf19984-bf1f-4b38-abe6-c047c22a5d2017796909771528.jpg,The Tamilnadu Industrial Investment Corporation Limited
notices/775127/Dharmapuri-117795131091304.png,Shriram Asset Reconstruction Private Limited
notices/774728/Dharmapuri-217794433274237.png,Hinduja Housing Finance Limited
notices/774632/ecffcc60-d0ab-4b56-bc33-cd0e63fe486b17794385188550.jpg,Hinduja Housing Finance Limited
notices/774349/nido1779379229583.jpg,Nido Home Finance Limited
notices/774080/REPCO17793658204582.jpg,Repco Home Finance Ltd.
notices/796081/1idb17818724274326.png,IDBI Bank
notices/792392/can17815038261109.jpg,Canara Bank
notices/793032/5414de03-cd30-4c99-8efb-114cfd7b9dc317815445418682.jpg,Canara Bank
notices/792027/95ffa639-01ed-41ec-9ac0-f78c3142a287178144282447.jpg,Canara Bank
notices/792074/370bfcb2-e648-4b76-80c0-39bc8e16ee351781445919761.jpg,Canara Bank
notices/791586/Dharmapur-617814091138141.png,Canara Bank
notices/790424/CB-2-1781263108118.jpg,Canara Bank
notices/789566/f7bbc155-a5b5-485a-a4a2-42dbd9f2539017811768296403.jpg,Canara Bank
notices/789729/a3486e6f-4a23-4678-b335-794feb0eeb4417811828505308.jpg,Canara Bank
notices/789524/e0fdabdb-729f-45c4-bb1e-56b08fd5247c17811758233606.jpg,Canara Bank
notices/785294/4f073eeb-26cd-468f-9fe8-c8dec92f11a01780729866682.jpg,Canara Bank
notices/778806/CNR17799637815780.jpg,Canara Bank
notices/785587/11c0013d0a-d61f-4f69-8f07-7fbca78e40d317807432189453.jpg,Canara Bank
notices/785857/35b2d6e2-963c-456f-9b82-1ecaa48aaa6a17807545297478.jpg,Canara Bank
notices/788289/dcdb3c22-006c-468d-b5e1-3f4911b365de17810555386840.jpg,Canara Bank
notices/786299/01a754ba-69b6-49f0-80ab-f08f7d76d6fe17808336836022.jpg,Canara Bank
notices/792822/775e732e-bafd-415f-a9fc-919e3ac548f117815297911039.jpg,Canara Bank
notices/779934/fb17800605803735.jpg,Fedbank Financial Services Limited
notices/774164/IB-7-17793704191600.jpg,IndusInd Bank Ltd
notices/792080/391fbc29-d943-433b-8a0e-7481c161a1e617814461252835.jpg,Tamilnad Mercantile Bank Ltd.
notices/787166/8934521c-f408-4a83-9605-ddb7039dd9dc17809273216733.jpg,Sundaram Home Finance Limited
notices/796246/c34ff682-5e7d-4646-b314-5a69bf6029f917818859193287.jpg,Bank of Baroda
notices/794373/450545a4-3ad6-4492-9393-a310d271c0ae17816954631711.jpg,Bank of Baroda
notices/791348/5175397a-ff90-4f08-8ec3-8c43032b62bc17813603688438.jpg,Cholamandalam Investment and Finance Company Limited
notices/791084/BANK-O-FB17813455113662.jpg,Bank of Baroda
notices/789958/bob-2-17812334462014.jpg,Bank of Baroda
notices/790137/5d81b102-436d-4083-8244-b210ea6bbdad17812492776620.jpg,Bank of Baroda
notices/790984/bob-4-17813334985300.jpg,Bank of Baroda
notices/790378/BANK-OF-B17812607819913.jpg,Bank of Baroda
notices/785315/chola-4-17807304503994.jpg,Housing CHOLAMANDALAM INVESTMENT AND FINANCE COMPANY LIMITED
notices/785001/CHOLA-2-1780679858934.jpg,CHOLAMANDALAM INVESTMENT AND FINANCE COMPANY LIMITED
notices/784235/4ba5a6a7-66b3-4d3f-95ff-3a123250e90117806432008045.jpg,Cholamandalam Investment and Finance Company Limited
notices/783706/587950b3-2518-40fa-b8ee-3a863e9af17517805740464267.jpg,Bank of Baroda
notices/788728/UCO17810952701804.jpg,UCO BANK
notices/791567/dd883e24-1b60-4cdc-9517-7ebb0e4e06ad17814072145009.jpg,State Bank of India
notices/787776/3708b24b-d4a0-4239-9f25-2c1fce9e016117809951304803.jpg,Canara Bank
notices/787403/pnb-5-17809429732836.jpg,Canara Bank
notices/786296/0cb7422f-b9be-435b-b064-50bbad04a6ae17808332125941.jpg,Canara Bank
notices/779819/punj17800574737401.jpg,Punjab & Sind Bank
notices/797098/CBI17820522634966.png,Central Bank of India
notices/796234/050f0e48-55a2-4c9f-87c5-7ab69e507e0217818818345056.jpg,Hindu Housing Finance Limited
notices/796180/c496f5bb-6b78-4dcf-8d92-7e3b1024729a17818771786183.jpg,Equitas Small Finance Bank Ltd
notices/794776/1-Scree17817594409896.jpeg,Indian Overseas Bank
notices/794655/20260613-61-1517817081783689.jpg,Punjab & Sind Bank
notices/794599/20260613-61-1417817034743595.jpg,Central Bank of India
notices/794298/20260613-61-051781692637812.jpg,Central Bank of India
notices/793731/edc8e165-45ba-4fae-9524-4e9a7921bc431781623125153.jpg,Central Bank of India
notices/793561/cbii1781615010359.jpg,Central Bank of India
notices/793637/sbi-7-17816190255588.jpg,State Bank of India
notices/793256/2891ae9f-0f6b-4ba1-ba69-098c1be9bec617815924705966.jpg,Central Bank of India
notices/793320/071061b9-c081-4051-8e69-4eac0cb23a0e17815952539710.jpg,Central Bank of India
notices/793260/273523cf-7395-4e49-94d5-07fe19bcd6e317815929715509.jpg,Indian Overseas Bank
notices/793200/9e51030e-fa71-4d26-bf71-abcb10e088d617815873816162.jpg,Bank of Maharashtra
notices/793135/sbi-2-17815820663699.jpg,State Bank Of India
notices/793053/00ab034d-1206-4975-9ae6-ea934f2e40a917815749721085.jpg,Equitas Small Finance Bank
notices/793037/5440bd85-0771-4901-b58f-f1dba58c623417815447066914.jpg,UCO Bank
notices/792924/NIE-11781535684871.png,Indian Overseas Bank
notices/792846/cbi-4-17815310938212.jpg,Central Bank of India
notices/792827/cbi117815302968154.jpg,Central Bank of India
notices/791651/e2edad34-8749-44fa-ba5b-372b44d1b4e617814167335424.jpg,Indian Overseas Bank
notices/791584/Dharmapur-417814088143040.png,Cholamandalam investment and Finance Company Limited
notices/791358/equ17813607236322.jpg,Equitas Small Finance Bank
notices/791477/79f7e53a-7427-480d-b036-f0a60f05ed5f17813695401100.jpg,Indian Bank
notices/791155/91cdc751-e597-4126-aa5a-a472819b06ce17813515506891.jpg,Indian Overseas Bank
notices/790426/CB17812633431470.jpg,Canara Bank
notices/790413/CANR-2-17812624129556.jpg,Canara Bank
notices/790153/cb-4-17812502317063.jpg,Canara Bank
notices/790146/5f8d64ef-30c6-4ad4-906f-96b5b336841217812496297816.jpg,Indian Bank
notices/789739/ucooo17811826528334.png,UCO Bank
notices/789309/psb17811690436026.jpg,Punjab & Sind Bank
notices/787446/08227169-d570-4fd1-862e-1a2345cc679617809811267193.jpg,JM Financial Asset Reconstruction Company Limited
notices/786810/JMF17809085424942.jpg,JM Financial Asset Reconstruction Company Limited
notices/785688/JM17807473383787.jpg,JM Financial Asset Reconstruction Company Limited
notices/777762/canarabnk17798083458113.jpg,Canara Bank
notices/776996/canfin17797274826217.jpg,Can Fin Homes Ltd
notices/776726/si17797056717159.jpg,Small Industries Development Bank of India
notices/790555/KARUR17812669836744.jpg,The Karur Vysya Bank Ltd
notices/773099/5891a3ee-0273-42f1-ad5b-8287912b9abc17792785832586.jpg,ICICI Bank Limited
notices/785564/ICICI17807422538040.png,ICICI Bank Limited
notices/793271/8560d955-3a8f-46e0-9340-8eefd7dbbebf17815935621957.jpg,State Bank of India
notices/792810/cbi-5-17815296877925.jpg,Central Bank of India
notices/792808/cbi-1-17815294059410.jpg,Central Bank of India
notices/791296/SB17813568838631.jpg,State Bank of India
notices/788269/8450ce00-e7f5-4e1b-b607-a75f4a80b01117810523416343.jpg,Bank of Baroda
notices/796223/chola-3-17818809731156.jpg,Cholamandalam Investment and Finance Company Limited
notices/784820/CANR17806686316615.png,Canara Bank
notices/809765/uco17834028517654.png,UCO Bank
notices/810610/ub-2-17834953555681.jpg,Union Bank of India
notices/808028/cbf4b2cd-3bec-4614-a475-b98805e4a8a317831555695436.jpg,Asset Reconstruction Company (India) Limited
notices/808089/ae471feb-b28e-4b58-b2b7-4b07a0ac5e0a17831570215359.jpg,Asset Reconstruction Company (India) Ltd
notices/811602/ACRE1783584923193.jpg,Assets Care & Reconstruction Enterprise Ltd.
notices/811298/1bmaha17835258751268.jpg,Bank of Maharashtra
notices/811123/bom1783512479933.jpg,Bank of Maharashtra
notices/811019/CUB17835100648486.png,City Union Bank Ltd
notices/812923/sbi-3-17836800782627.jpg,State Bank of India
notices/811585/2fd5c7ac-b15c-4749-8ff9-909793ab5a5c17835852585291.jpg,Housing CHOLAMANDALAM INVESTMENT AND FINANCE COMPANY LIMITED
notices/812113/02278a68-7843-4f7a-a15c-ff583136857f17835997019137.jpg,CHOLAMANDALAM INVESTMENT AND FINANCE COMPANY LIMITED
notices/810376/09c3a21c-230c-418c-be88-5ce84b909e3b17834341083017.jpg,Bank of Baroda
notices/809927/7d215762-1ad5-469f-838c-92815598128b17834097773568.jpg,City Union Bank Limited
notices/808793/4952ead2-054b-4f77-9cf7-bd7be35955691783254583599.jpg,Canara Bank
notices/811289/1-fed17835249554699.jpeg,Fedbank Financial Services Limited
notices/813336/e7e48eea-6ec2-44da-924e-e7cfa4a64a6a1783692690548.jpg,PNB Housing Finance Limited
notices/812658/467ea12d-c005-4c40-90f3-a2a68707a8e917836729454150.jpg,PNB Housing Finance Limited
notices/812115/59265d49-20d9-4f15-ab64-cf30c005df0f17835989594652.jpg,PNB Housing Finance Limited
notices/808770/NIE-417832495041754.png,City Union Bank Ltd
notices/813256/OMKARA17836880148708.jpg,Omkara Assets Reconstruction Pvt Ltd
notices/812238/yes17836052595621.jpeg,YES BANK LTD
notices/806593/JM17829906024473.jpg,JM Financial Asset Reconstruction Company Limited
notices/747850/KARUR17764141303418.jpg,The Karur Vysya Bank Ltd
notices/810877/5018ed65-04d7-48d8-ae7d-85e72ad0856817835051734715.jpg,ICICI Bank Limited
notices/803756/d1a3e6ce-cc4c-4301-ab4c-4e11306988d117827366534656.jpg,Asset Reconstruction Company (India) Limited (ARCIL)
notices/808835/940b1d41-1a9e-4b5f-9647-75ab5a51507817832563911486.jpg,CHOLAMANDALAM INVESTMENT AND FINANCE COMPANY LIMITED
notices/812189/kotak17836011196802.jpg,Kotak Mahindra Bank Limited
notices/812111/8c621bfe-2b89-4719-8a9a-86587e01f89a17835989628900.jpg,The Federal Bank Ltd
notices/813127/JANA1783684578960.jpeg,Jana Small Finance Bank Limited
notices/812213/centr17836022709137.jpeg,Central Bank of India
notices/811533/ST17835824288101.jpg,State Bank of India
notices/807962/L84876029117831529035621.png,Tamilnad Mercantile Bank Ltd
notices/806924/17f6aa4c-1bda-418d-9b33-833327f265af17830593413595.jpg,Indian Overseas Bank
notices/805020/afc589f9-2e23-4704-8037-b94686710ece17828890201258.jpg,Repco Home Finance Limited
notices/805124/RPCO17828915463925.jpg,Repco Home Finance Limited
notices/803629/6a3b8d60a153763962666517827338145397.pdf,Repco Home Finance Limited
notices/812731/aircl17836757921502.jpg,Asset Reconstruction Company (India) Ltd
notices/812247/c3fcf161-2b92-4e3c-9d5f-a0671b1eae5c17836060416373.jpg,Bank of Maharashtra
notices/809408/tata17833345691778.jpeg,Tata Capital Housing Finance Ltd.
notices/811937/BOM17835937387123.jpg,Bank of Maharashtra
notices/811101/1-DHarn-317835120623072.png,Bank of Maharashtra
notices/809904/7c207f55-9d84-4932-9545-fd6de62c5a5417834089864507.jpg,HDFC Bank Ltd
notices/747853/20260417-61-1817764144086018.jpg,Truhome Finance Limited
notices/750371/canarabnk117767699122261.jpg,Canara Bank
notices/746382/in-b17762449358771.jpg,IndusInd Bank Ltd
notices/750585/canfin17767864737195.jpg,Can Fin Homes Ltd
notices/811283/UB1783523508165.png,Union Bank of India
notices/811283/UBI17835234803580.png,Union Bank of India
notices/747245/e25b9103-efca-43a2-89a3-bd6d7b5a6c4817763283001731.jpg,Omkara Assets Reconstruction Pvt Ltd
notices/807244/HDFC17830748921018.png,HDFC Bank Limited
notices/809781/ub-2-17834038238078.jpg,Union Bank of India
notices/749428/CANFN17766678125642.jpg,Can Fin Homes Ltd
notices/811369/idfc-2-17835756458722.jpg,IDFC FIRST Bank Limited
notices/749707/be37717b-a012-46b2-b79c-431462a99d6a17766868134747.jpg,Vistaar Financial Services Private Limited
notices/811036/3ba3961d-6d8e-466e-bb4a-e417372575bc17835109632062.jpg,IDFC FIRST Bank Limited
notices/810450/CHOLAMNDL17834430827263.jpg,Cholamandalam Investment and Finance Company Limited
notices/810440/BOI17834419939301.jpg,BANK OF INDIA
notices/810447/CHOLA178344275550.jpg,Cholamandalam Investment and Finance Company Limited
notices/810438/BANK-OF-I17834417657072.jpg,Bank of India
notices/810154/boi-17834193278799.jpg,Bank of India
notices/810220/568b8b76-0aab-46c8-b1ce-da2812a4536717834231191679.jpg,Bank of India
notices/809941/8d84ee74-9b7b-4a9d-99ba-6c212e06122317834106859679.jpg,IDFC FIRST Bank Limited
notices/809779/52de57ce-4654-4f3a-81d0-e4fcce11d38c1783403516472.jpg,Bank of India
notices/808399/boi-2-17831692477118.jpg,Bank of India
notices/806295/piramil17829832207333.jpg,Piramal Finance Ltd
notices/805052/PIRAML17828898669438.jpg,Piramal Finance Ltd
notices/803228/Dharma-317827228057966.png,Bank of India
notices/809489/CANR17833375606916.jpg,Canara Bank
notices/808890/454bb4c1-4289-4c07-9ca5-be78a0d345e517832603396675.jpg,Canara Bank
notices/808889/454bb4c1-4289-4c07-9ca5-be78a0d345e51783260271368.jpg,Canara Bank
notices/810454/CNR17834437202462.jpg,Canara Bank
notices/808214/tfl-2-17831599914399.jpg,Truhome Finance Limited
notices/811027/iob-2-1783510771714.jpg,Indian Overseas Bank
notices/808319/jana-1-17831648469740.jpg,Jana Small Finance Bank Limited
notices/811146/Dharmapuri-217835138333206.png,Hindu Housing Finance Limited
notices/811056/INDIN17835113974915.jpg,Indian Overseas Bank
notices/810520/faf75599-6d9d-4a02-b5f7-5d74ab67300f17834897315124.jpg,Indian Overseas Bank
notices/808215/tfl17831603718951.jpg,Truhome Finance Limited
notices/804655/ICI17828254468975.jpg,ICICI Bank Limited
notices/802922/d671e8e6-8755-4660-bad8-77789462f77a17827139078126.jpg,Equitas Small Finance Bank Ltd.
notices/808110/clip-1129417831575111751.jpg,Protium Finance Ltd
notices/808775/NIE-61783250570201.png,LIC Housing Finance Ltd
notices/808320/jana-2-17831649654608.jpg,Jana Small Finance Bank Limited
notices/804168/8b9a3f30-8334-4c54-8e8f-3754a9a47a1f17828035486157.jpg,CHOLAMANDALAM INVESTMENT AND FINANCE COMPANY LIMITED
notices/803333/e65f308a-38ed-41b7-98dc-367a9a2a83f117827256377252.jpg,REFORM ARC LIMITED (Formerly known as Reliance Asset Reconstruction Company Limited)
notices/806762/MUT17829971077078.jpg,Muthoot Homefin (India) Ltd
notices/806010/cbi17829734764597.jpg,Central Bank of India
notices/806601/EQUATAS1782991031991.jpg,Equitas Small Finance Bank Limited
notices/807150/idbi178307003819.jpg,IDBI Bank Ltd
notices/807364/DRT17830799328406.png,Punjab National Bank
notices/808122/clip-1129517831577497223.jpg,ICICI Home Finance Company Ltd
notices/813338/CANNN17836928617380.png,Canara Bank
notices/807340/PUNJB17830789923257.jpg,Punjab National Bank
notices/804498/prot17828182662543.jpg,Protium Finance Limited
notices/804497/prot17828181813910.jpg,Protium Finance Ltd
notices/804494/prot17828178601999.jpg,Protium Finance Ltd
notices/804174/23d10976-8d94-40fc-a06c-217f9223b1b217828037608158.jpg,Aditya Birla Housing Finance Limited
notices/804495/prot17828179691509.jpg,Protium Finance Ltd
notices/807586/7e7ca1d7-8a38-4fce-bea1-d7bde7ccfbac17831363459578.jpg,Canara Bank
notices/804937/CANRA17828871241939.jpg,Canara Bank
notices/810462/SB17834454742298.png,State Bank of India
notices/807854/20260703-61-1717831486685750.jpg,Truhome Finance Limited
notices/804790/eb895a0f-344a-4d3c-b3af-cf46a0053e6917828346587047.jpg,Vistaar Financial Services Private Limited
notices/803348/vastu17827259064824.jpg,Vistaar Financial Services Private Limited
notices/812711/kb17836754268023.jpg,Karnataka Bank Ltd
notices/812829/c1143915-3081-4a06-be73-196f22015f4e17836779952659.jpg,Canara Bank
notices/802879/canvas17827093646576.png,Karnataka Bank Ltd
notices/747720/ARCIL-217764088076992.jpg,Asset Reconstruction Company (India) Limited
notices/805869/tfl-1-17829679477081.jpg,Truhome Finance Limited
notices/805866/tfl-3-17829676215030.jpg,Truhome Finance Limited
notices/802941/jana-1-17827144866166.jpg,Jana Small Finance Bank Limited
notices/810607/19b15cc4-e1a0-4a94-80f9-86c7bb9b00f717834951967815.jpg,Canara Bank
notices/805906/canara-bank17829715577493.jpg,Canara Bank
notices/812130/8c4248f2-25d7-4955-b5ee-27914989745b17835992878110.jpg,State Bank of India
notices/806017/cbi-2-17829736766714.jpg,Central Bank of India
notices/805191/a38e4232-dd3c-400b-bd94-749501a4852f17828932117637.jpg,Canara Bank
notices/804405/dhar-117828146413118.png,Repco Home Finance Limited
notices/803628/LAND-AT-SALE-IN-SALEM-SLM8677-AND-SLM8676-31-07-2026-MR17827337079199.pdf,Repco Home Finance Limited
notices/812713/kvb17836755941553.png,The Karur Vysya Bank Limited
notices/809911/cb17834095296025.jpg,Canara Bank
notices/747281/jan-rree17763297708879.jpg,Jana Small Finance Bank Limited
notices/804600/APTUS17828230973865.png,Aptus Value Housing Finance India Limited
notices/811231/9fab7716-6091-458f-b9a9-a64426b92a6b17835177525532.jpg,Canara Bank
notices/811768/36b6aa1e-0f6b-4be2-885e-95a4ae91cc2817835889129474.jpg,CHOLAMANDALAM INVESTMENT AND FINANCE COMPANY LIMITED
notices/813467/chol17837017898538.png,CHOLAMANDALAM INVESTMENT AND FINANCE COMPANY LIMITED
notices/803248/Dharma-1217827238026748.png,Canara Bank
notices/808769/NIE-517832493347621.png,Canara Bank
notices/816315/PJB17840265544816.jpg,Bank/Secured Creditor
notices/815039/dcb-4-17839355132222.jpeg,DCB Bank Ltd
notices/813502/cb-1-17837521495090.jpg,Canara Bank
notices/816055/DBS1784020905182.jpg,DBS Bank India Limited
notices/814807/979b685d-6d50-4c99-9891-dcdf449546541783925280872.jpg,Indian Overseas Bank
notices/815960/Screenshot-13-7-2026-114516-17840179245266.jpeg,Edelweiss Asset Reconstruction Company Limited
notices/816346/INDIAN17840283917825.png,Indian Bank
notices/815501/HDFC17839495765248.png,HDFC Bank Limited
notices/814836/drt-2-17839267786155.png,Union Bank of India
notices/813605/icici-1-17837582535673.jpg,ICICI Bank Limited
notices/816156/1city317840232142391.jpg,City Union Bank Limited
notices/816157/1city217840229116956.png,City Union Bank Ltd
notices/816496/1-clip-1196517840347912044.jpg,ICICI Home Finance Company Ltd
notices/814160/bajaj17837784394125.jpg,Bajaj Housing Finance Limited
notices/813483/17fcc8b3-7e73-4e45-a0d7-90505e920b8017837512263134.jpg,ICICI Bank Limited
notices/813482/17fcc8b3-7e73-4e45-a0d7-90505e920b8017837510857274.jpg,ICICI Bank Limited
notices/815041/1-bo-bn178393540099.jpg,Bank of Baroda
notices/814608/a41cb574-1da9-4d75-9856-49314ac074ca17838644885062.jpg,The Federal Bank Ltd
notices/818083/b5d3a9e7-0641-40a6-b280-20ed219902a617841978093059.jpg,Punjab National Bank
notices/818638/b5d3a9e7-0641-40a6-b280-20ed219902a617842677829520.jpg,PNB
notices/817153/ib-17841133104778.jpg,Indian Bank
notices/818640/Dharmapuri-1317842683944176.png,Bank of Baroda
notices/817168/bob-2-17841142321900.jpg,Bank of Baroda
notices/818517/683e4ad8-6ffb-4c5f-98fe-0c9fc2eef10e1784216353156.jpg,Bank of Baroda
notices/818841/38ddebc2-1730-4d7c-9d3c-30e400490db017842763159426.jpg,The Karur Vysya Bank Ltd
notices/818681/79891631-3fc5-4cdf-b667-54266fd8386a17842717881013.jpg,HDFC Bank Limited
notices/818073/Dharmapuri-1417841976079635.png,Canara Bank
notices/751223/liq-217768686957625.jpg,Jaatvedas Construction Company Private Limited
notices/818639/Dharmapuri-1417842690151838.png,Canara Bank
notices/817083/3135d148-0fc3-44bf-a284-ecc4269916851784111170908.jpg,Repco Home Finance Limited
notices/817029/0743b4bb-5dac-450a-b463-d8f640358e8517841097663383.jpg,Federal Bank Ltd
notices/819383/JM1784301913167.jpg,JM Financial Asset Reconstruction Company Limited
notices/818652/clip-120471784269228739.jpg,Motilal Oswal Home Finance Limited
notices/818141/the17842000017399.jpg,The Tamilnadu Industrial Investment Corporation Limited
notices/819297/EPaper-Erode-16-07-2026-GD2G8LRT617842944518869.png,Tamilnad Mercantile Bank Limited
notices/818679/aac23526-b585-490a-be72-e99c0407ebc117842711193972.jpg,Tamilnad Mercantile Bank Ltd
notices/818905/ARCL17842797427350.jpg,Asset Reconstruction Company (India) Limited
notices/819043/INDIAN17842833954474.jpg,Indian Overseas Bank
notices/819566/1b0d1334-3ce3-4511-bc16-be1b0d36de2f17843583895610.jpg,SPP Insolvency Professionals LLP
notices/819234/8d27eae9-f1d9-4f36-b792-34a66af602bf17842895247747.jpg,IDBI Bank Limited
notices/748102/canarabnk-217764250754740.jpg,Canara Bank
notices/751407/pnb17769269856233.jpg,Punjab National Bank
notices/747930/page-3-547144517764179053474.jpg,ICICI Home Finance Company Ltd.
notices/740689/kaar-trg17756335459916.jpg,Karnataka Bank Ltd
notices/746397/eeeqwr17762453263591.jpg,Equitas Small Finance Bank
notices/750363/earc17767694311927.jpg,Encore ARC
notices/752245/ARCL17770212396202.jpg,Asset Reconstruction Company (India) Limited
notices/752226/1arcil17770186287852.jpg,Asset Reconstruction Company (India) Limited
notices/749471/uninbnk17766701468181.jpg,Union Bank of India
notices/749402/UNIN-BNK-BB17766657982002.jpg,Union Bank of India
notices/752155/HDFC17770075771630.jpg,HDFC Bank Ltd
notices/749552/UNIN17766803775454.jpg,Union Bank of India
notices/750334/CB17767669373793.jpg,Canara Bank
notices/750379/b8a2bfc917767704556838.jpg,Canara Bank
notices/750602/cb117767880301331.jpg,Canara Bank
notices/752593/1-4817770336156737.pdf,Repco Home Finance Limited
notices/752594/LAND-AT-SALE-IN-METTUPALAYAM-REGION-MTP380-AND-381-05-06-2026-MR17770336682310.pdf,Repco Home Finance Limited
notices/752369/CITY17770253178121.jpg,City Union Bank Limited
notices/746843/AXIS17762666207005.jpg,Axis Bank Limited
notices/748781/94234d47-4f4c-4ff9-baec-34859fde306317765051062364.jpg,DBS Bank India Limited
notices/748445/e-auction-sale-notice-Sri-Valli-Mills-Bank-web-site-002-17764924521176.pdf,DBS Bank India Limited
notices/751262/cb17768731157738.jpg,Canara Bank
notices/751263/cb-1-17768732522266.jpg,Canara Bank
notices/750356/chola17767691102736.jpg,CHOLAMANDALAM INVESTMENT AND FINANCE COMPANY LIMITED
notices/749551/north1776680347293.jpg,Northern Arc Capital Ltd
notices/714134/JMF17727826476179.jpg,JM Financial Asset Reconstruction Company Limited
notices/713425/JM17727039268646.pdf,Canara Bank
notices/691708/IDFC17706416165598.jpg,IDFC FIRST Bank Limited
notices/663818/20260107-63-1117679390726522.jpg,Aditya Birla Housing Finance Limited
notices/761335/jm-217781651539886.jpg,JM Financial Asset Reconstruction Company Limited
notices/754841/20260428-61-1417773637377668.jpg,Tata Capital Housing Finance Ltd
notices/730056/TRUHOME17741788564159.jpg,Truhome Finance Limited
notices/679824/CUB-2-1769496654167.jpg,City Union Bank
notices/752894/chola-2-17770547714261.pdf,Cholamandalam Investment and Finance Company Limited
notices/700028/RELIANCE17714126756981.jpg,Reliance Asset Reconstruction Company Ltd
notices/754116/hinudja17772789459474.jpg,Hinduja Housing Finance Limited
notices/717248/1555b017730451413337.jpg,Jana Small Finance Bank Limited
notices/752235/20260424-61-1117770193509270.jpg,U GRO Capital Limited
notices/701664/2arcccil17715839364379.jpg,Asset Reconstruction Company (India) Limited
notices/658842/LIC17673757408857.jpg,LIC Housing Finance Ltd
notices/712072/dcb17725570627412.jpg,DCB Bank Ltd.
notices/682880/56011ea3-9bd0-4774-a82a-d604748f4619-1-17697816326153.jpg,City Union Bank Limited
notices/822391/8998ce35-2f77-42a9-81ba-4d8fdf3df78e17847095004860.jpg,SMFG India Home Finance Co. Ltd.
notices/822267/1ea2e892-951e-44c9-a135-24e0801adca917847040747882.jpg,SMFG India Home Finance Co. Ltd.
notices/822494/7771d025-5cf3-4dc0-8503-67a31b4cbf7217847139052848.jpg,SMFG India Home Finance Co. Ltd.
notices/823284/8b84d8b7-287b-4884-859e-0a7995712b4617847919708932.jpg,The Repatriates Co-operative Finance & Development Bank Ltd.
notices/819916/cb-1-1784371896886.jpg,Canara Bank
notices/822021/ARKA17846393976523.png,ARKA FINCAP LIMITED
notices/823311/2d6ee570-3d4c-4e2a-86a2-40ac595c65f317847930663473.jpg,Repco Home Finance Limited
notices/825089/STATE17849672692072.jpg,State Bank of India
notices/823343/CANFN1784794318777.jpg,Can Fin Homes Ltd
notices/819937/152b79eb-9c39-4c59-85a9-de6d19465b6917843733833726.jpg,Repco Home Finance Limited
notices/821035/790ccc61-89b1-423a-bf68-e0a1eac8d89917845544912818.jpg,Housing and Urban Development Corporation Ltd
notices/823026/KARUR17847278016896.png,The Karur Vysya Bank Ltd
notices/822444/82cf2d5c-2810-4600-809d-97a5f5265a8017847126363284.jpg,The Karur Vysya Bank Ltd
notices/825481/CITY17849816058039.jpg,City Union Bank Ltd
notices/824722/a9646c0a-7eeb-491b-a280-a47a9b0144d417848974045722.jpg,City Union Bank Ltd
notices/824614/d7cfdfdc-4f2b-4ffb-82f1-7fedbd1731e017848944693593.jpg,CHOLAMANDALAM INVESTMENT AND FINANCE COMPANY LIMITED
notices/823059/pnbh-1-17847845781971.jpg,PNB Housing Finance Limited
notices/825543/tata-3-17849835292635.jpg,TATA CAPITAL HOUSING FINANCE LIMITED
notices/749881/IB-617766961914035.jpg,Indian Bank
notices/823016/CHOLA17847270281018.jpg,CHOLAMANDALAM INVESTMENT AND FINANCE COMPANY LIMITED
notices/822035/48ceaca5-632d-4053-bfa7-742b5dca23d917846398092437.jpg,City Union Bank Limited
notices/824191/2b6c161a-63e8-422b-9b78-a2ec4596ed2617848801305331.jpg,Hinduja Leyland Finance Limited
notices/824287/bc3e0cec-87e9-46e7-8035-a512ca179a8f17848857905868.jpg,Hinduja Leyland Finance Ltd
notices/824606/cb-v17848939431275.jpg,Canara Bank
notices/821075/e057db59-4427-402d-9a69-2cfe758a344c17845586674276.jpg,Canara Bank
notices/825308/df88d357-30ca-4a90-89af-0abeca3a92b217849771008126.jpg,Omkara Assets Reconstruction Pvt Ltd
notices/825361/Dharmapuri-NIE-217849788251492.png,LIC Housing Finance Ltd
notices/823643/e4453ef6-4fb5-4fc3-ba40-640a13e9eafb17848055096613.jpg,Bank of Maharashtra
notices/822359/3e6fc396-3caa-4676-9a6f-06a2aa1b34cc1784706930335.jpg,JM Financial Asset Reconstruction Company Limited
notices/825014/UBI-2-17849656187013.jpg,Union Bank of India
notices/823995/union17848204219022.jpg,Union Bank of India
notices/823415/jana-1784799194951.jpg,Jana Small Finance Bank Limited
notices/822071/EQTA17846418213694.jpg,Equitas Small Finance Bank
notices/822745/CHOLA17847197081763.jpg,Cholamandalam Investment and Finance Company Limited
notices/821956/Dharmapuri117846374668949.png,Equitas Small Finance Bank Ltd
notices/821956/Dharmapuri117846374706345.png,Equitas small finance Bank
notices/821608/1equ178462803779.jpg,Equitas Small Finance Bank
notices/821556/1eq-smll17846272054996.jpg,Equitas Small Finance Bank
notices/821528/cho17846265356351.jpg,Cholamandalam Investment and Finance Company Limited
notices/821502/equatas-3-17846254559142.jpg,Equitas Small Finance Bank Ltd
notices/821454/be8d6a64-db0c-494f-ba62-d6f7c98d46701784622316131.jpg,Equitas Small Finance Bank Ltd
notices/821483/1chol-bn17846249549357.jpg,Cholamandalam Investment and Finance Company Limited
notices/821450/b4d71715-1500-4579-9c4e-6b6cfe3e670e17846213793390.jpg,Equitas Small Finance Bank Ltd
notices/751079/ind-over-bb-117768594876932.jpg,Indian Overseas Bank
notices/821411/equatas-2-17846201602492.jpg,Equitas Small Finance Bank
notices/821283/0b04b6eb-bba0-49ee-8f77-49aeece57dc81784616547894.jpg,Cholamandalam investment and Finance Company Limited
notices/821960/Dharmapuri217846376268326.png,Indian Bank
notices/821960/Dharmapuri217846376296173.png,Indian Bank
notices/823287/8f8a7625-b545-4002-ac5f-d874b5115cb217847921562963.jpg,Indian Bank
notices/821292/1ce9807b-6530-4817-888d-1109ebd48f2b17846174603737.jpg,Shriram Finance Ltd
notices/821037/5d5c5026-1846-4564-95b2-1002e4e65b2e17845547743291.jpg,Bank of Baroda
notices/821261/585ca8ab-722c-431a-9d89-a319cb502a4e1784615349592.jpg,City Union Bank Ltd
notices/823294/EQTAS17847924664521.png,Equitas Small Finance Bank Ltd.
notices/749020/JANA-S17765129866091.jpg,Jana Small Finance Bank Limited
notices/823983/CANRA1784817186554.jpg,Canara Bank
notices/822883/HDFC-2-17847223313207.jpg,HDFC Bank Limited
notices/822303/2f52c02a-9680-4d02-9532-d026ff758a1217847049019464.jpg,Equitas Small Finance Bank Ltd.
notices/825856/97f536b6-518b-4269-9647-f72dc3f6cdfd17850778529820.jpg,Bank of India
notices/750318/cnar-gggrtt17767656024443.jpg,Canara Bank
notices/822238/1e1fdfd7-858e-4a19-b4d2-e6f41e60578517847033098499.jpg,Equitas Small Finance Bank Ltd.
notices/825571/tfl-2-17849837943490.jpg,Truhome Finance Limited
notices/825005/hero-2-17849652994600.jpg,Hero Housing Finance Limited
notices/824570/d1ef624d-697b-4873-948c-7f78cc6607e017848931137747.jpg,Hero Housing Finance Limited
notices/824039/AXIS-117848684066714.jpg,Axis Bank Ltd
notices/824039/AXIS-217848684669397.jpg,Axis Bank Ltd
notices/822625/57ceaf3f-60b8-4676-850c-a8ed3c3580ae17847159066064.jpg,Indian Bank
notices/822358/827cff52-a807-4d80-ac6f-8e3ab979d32a17847068881093.jpg,Hero Housing Finance Limited
notices/822018/ea6e87ee-7f35-4eba-99f7-79c5106beb4817846392748726.jpg,Hero Housing Finance Limited
notices/821983/e9e3a50f-c682-4036-addd-cac093a9999417846382257980.jpg,HDFC Bank Limited
notices/821933/hero-5-1784637240633.jpg,Hero Housing Finance Limited
notices/821470/411a0c5e-1b08-434b-99d7-f918d47d5da717846239186536.jpg,Hero Housing Finance Limited
notices/819824/BANK-OF-I17843668895162.jpg,BANK OF INDIA
notices/822932/SHRIRAM1784723855263.png,Shriram Finance Limited
notices/822439/49f9f69f-ea57-4284-85ae-7a0059a3d97017847124384535.jpg,Shriram Finance Limited
notices/825329/f441a229-170a-417c-aec2-d18ba7d3473617849782564450.jpg,Vistaar Financial Services Private Limited
notices/825876/20746da3-5b93-4e17-950d-540ef841102e17850812571739.jpg,Vistaar Financial Services Private Limited
notices/825863/772a951c-4331-456d-99ec-d4a6e84abc751785079139383.jpg,Vistaar Financial Services Private Limited
notices/820063/PUNJB-4-17843783677171.jpg,Punjab National Bank
notices/821349/tfl117846192787971.jpg,Truhome Finance Limited
notices/819818/eb41ad3c-70be-4328-a336-4d58a881f0f017843668161933.jpg,Punjab National Bank
notices/824007/Dharmapri-317848210223691.png,Canara Bank
notices/824465/clip-1270817848906778940.jpg,India Shelter Finance Corporation Limited
notices/824364/clip-1270917848879561962.jpg,Invent Assets Securitisation & Reconstruction Private Limited
notices/822414/41d53027-9548-46e9-8591-6fffb021830417847118201563.jpg,South Indian Bank Ltd
notices/822455/93b99443-345e-4f57-bfc1-6c35d9d0811f17847129746400.jpg,The South Indian Bank Limited
notices/822405/9b1e20be-945d-4f70-bd2d-5a1fab13ac661784711333179.jpg,Repco Home Finance Ltd
notices/820245/b920654c-3251-45fc-b128-7a2834a50f2117844549734672.jpg,Hero Housing Finance Limited
notices/820320/Screenshot-18-7-2026-11238-17845246364694.jpeg,Hero Housing Finance Limited
notices/820319/Screenshot-18-7-2026-11238-17845243449372.jpeg,Hero Housing Finance Limited
notices/819839/hero-1-17843676234816.jpg,Hero Housing Finance Limited
notices/819936/152b79eb-9c39-4c59-85a9-de6d19465b6917843732284841.jpg,Repco Home Finance Limited
notices/820275/Scre12251-1784461139515.jpeg,Truhome Finance Limited
notices/818069/jm17841972306990.jpg,JM Financial Asset Reconstruction Company Limited
notices/830357/62db9cc9-f4bd-48b7-8af7-7232f2cb815a17854860067789.jpg,Deutsche Bank AG
notices/830352/57b00a76-2c31-47b1-bbcb-948383c2608c17854855473532.jpg,State Bank of India
notices/831388/BOB17855677407956.png,Bank of Baroda
notices/831105/DHarma-21785510212472.png,Hinduja Housing Finance Limited
notices/831717/UCO17855800805926.jpg,UCO Bank
notices/832185/CITY-2-17855978362013.jpg,City Union Bank Ltd
notices/830730/3b4df0eb-8c66-4639-ae30-4d5bf688515d1785496544564.jpg,City Union Bank Ltd
notices/827003/edb2f353-ad8e-4159-96e1-3bf791e0013817852235895653.jpg,Union Bank of India
notices/832131/HINDUJA-2-17855946748928.jpg,Hinduja Housing Finance Limited
notices/826630/1-au1785155628689.jpg,AU Small Finance Bank
notices/828015/6f0f32a6-2943-4ac7-9860-51735416e4bd17853208385279.jpg,City Union Bank Ltd
notices/832048/fdef43ec-3f47-472a-91d4-744a9bca00cd17855887502472.jpg,State Bank of India
notices/831682/AUTHU17855793001762.jpg,Authum Investment & Infrastructure Limited
notices/827390/Dhampuri-217852378388424.png,Hinduja Housing Finance Limited
notices/827224/BOI17852328183887.jpg,Bank of India
notices/827268/HINDUJA-2-17852347686616.jpg,Hinduja Housing Finance Limited
notices/831234/77914be6-15cc-496f-8112-247f5329dd6717855626911105.jpg,City Union Bank Ltd
notices/827193/BB17852321565951.jpg,Bank of Baroda
notices/831531/canvas21785573993345.png,Equitas Small Finance Bank Ltd.
notices/830621/55539b26-b2a0-4a9d-a07b-e0535c1b589917854946757312.jpg,Cholamandalam Investment and Finance Company Limited
notices/830348/54f4dc80-8ae5-4fe9-8c0d-093c6aa5a0e717854853905692.jpg,Cholamandalam Investment and Finance Company Limited
notices/830349/309e3868-ca51-46b2-b743-c724b06a63a817854854316908.jpg,Cholamandalam Investment and Finance Company Limited
notices/832051/fed17855890851959.jpg,Fedbank Financial Services Limited
notices/828500/KARUR17853314978366.jpg,The Karur Vysya Bank Ltd
notices/827910/6b5d3d2d-c24c-421b-b767-d68011c3e8af17853167138311.jpg,State Bank of India
notices/831660/162d82a7-8a8e-40ec-85d6-3f81ba55e65917855785383151.jpg,The Karur Vysya Bank Ltd
notices/829947/67e8433c-16eb-4725-ab88-23e63793873317854289977681.jpg,ICICI Bank Limited
notices/829178/89150b47-e948-49c8-a867-489e305c2f8117854048351997.jpg,Bank of Baroda
notices/830568/ACRE17854932845478.jpg,Assets Care & Reconstruction Enterprise Ltd.
notices/827235/GTJGAER6T17852335771683.png,City Union Bank Ltd
notices/831484/bae22643-89a6-44af-8e5c-e6a9c1b0957517855711743412.jpg,RBL Bank Ltd
notices/830547/3eddfc8f-b5c2-4337-8166-3fa5af81bbff17854927316979.jpg,RBL Bank Ltd
notices/832223/de38291d-f319-4d9c-b1f1-3de5500deedb17856041143092.jpg,Indian Overseas Bank
notices/830602/7d116add-664f-496c-b759-bd336abdf7a917854940633114.jpg,The South Indian Bank Limited
notices/830520/89bb2648-4454-4dcf-84ea-d029186e5dc817854923016621.jpg,Canara Bank
notices/831477/1f06d048-b061-4a02-a988-2306e7209e8617855710784570.jpg,HDFC Bank Ltd
notices/830392/0a88341d-39ca-4eac-858b-832edda2a6e117854886645090.jpg,Asset Reconstruction Company (India) Ltd.
notices/831121/74fe803c-c272-459d-90c7-25cbca6cf4331785512975940.jpg,UNICO Housing Finance Private Limited
notices/831519/canvas117855733459134.png,UNICO Housing Finance Private Limited
notices/829103/36529ca6-5a94-4c8b-a612-fa00a167025417854022281678.jpg,Canara Bank
notices/831107/DHarma-417855104778101.png,Indian Overseas Bank
notices/830363/740ee0bb-cc66-4274-88c2-1c98cdc8ff4f17854866573631.jpg,Tamilnad Mercantile Bank Ltd.
notices/830529/fbcd5832-8549-4fbe-9830-ecdbcad94bb317854924046679.jpg,The Tamilnadu Industrial Investment Corporation Limited
notices/829912/clip-1320417854273384491.jpg,Protium Finance Ltd
notices/829963/eac37044-2815-4aac-95cf-dab8808d36fd17854306646285.jpg,HDFC Bank Limited
notices/827616/3c8777c2-6a0e-4c14-9c21-e10743d5523d1785248574602.jpg,Punjab National Bank
notices/828106/e5ddf1b7-991e-47cb-b3c6-fb99596504081785323595426.jpg,State Bank of India
notices/830682/985720a1-153a-433c-ad14-059aa3688e6617854955569574.jpg,Shriram Finance Limited
notices/831226/0989feb2-b66f-4864-997c-d55432d4be0b1785562274591.jpg,HDB Financial Services Ltd.
notices/831064/truh217855068369434.jpg,Truhome Finance Limited
notices/830877/HDB17854999762112.jpg,HDB Financial Services Ltd
notices/831197/1a5a6284-4aef-4ca6-beec-e9d3fea3120817855590659761.jpg,Aptus Value Housing Finance India Limited
notices/830424/c3148f88-6225-4373-94ea-9fa1715dc51117854900284509.jpg,Bank of Baroda
notices/830649/70661dcc-15e0-4998-865c-487a5a88c94617854950263397.jpg,Bank of Baroda
notices/828464/edel17853300192323.jpg,Edelweiss Asset Reconstruction Company Limited
notices/832139/TMB17855950551969.jpg,Tamilnad Mercantile Bank Limited
notices/828029/decba054-78aa-4dd7-b62f-c3194d42d46f17853210561938.jpg,The Federal Bank Ltd
notices/831538/GSNGAPMNB17855745547011.png,Canara Bank
notices/829424/CAN-B17854109954090.png,Canara Bank
notices/830869/GHF-2-17854995898798.jpg,Grihum Housing Finance Limited
notices/831061/truh117855067051379.jpg,Truhome Finance Limited
notices/830361/14aff121-5fc9-4476-8d0e-134e1520dbef17854863076558.jpg,Indian Overseas Bank
notices/828064/b83ea63e-edc8-469b-aa0b-3526edcbb6c517853224246488.jpg,The Federal Bank Ltd
notices/828368/tfl117853280261642.jpg,Truhome Finance Limited
notices/827257/jana17852342853136.jpg,Jana Small Finance Bank Limited
notices/827799/3f632db0-356d-4d2d-9720-1cdb3a17cc9417853107329000.jpg,State Bank of India
notices/826156/96b1ae3b-4612-40ba-b665-6f65cc7f94bd17851407372480.jpg,ICICI Bank Limited
notices/826496/jana17851514989396.jpg,Jana Small Finance Bank Limited
notices/752620/canarabnk1777035218963.png,Canara Bank
notices/826232/a605338f-1e87-445b-8c43-19ed94160de217851447448109.jpg,Bank of Maharashtra
notices/830225/5d0e4349-9d8c-4dbb-86cb-3d166173d13917854830555540.jpg,The South Indian Bank Limited
notices/827665/5339d451-69d0-457e-a4a2-9214c5a7f1d717852531915362.jpg,UCO Bank
notices/826423/02042d10-45c9-4686-894d-423e5cd2977717851502987911.jpg,UCO Bank
notices/825921/jana17851291492597.jpg,Jana Small Finance Bank Limited
notices/830025/aa87c2d6-5ac5-4980-8c04-b6cbdb1112c617854739782914.jpg,Punjab & Sind Bank
notices/829261/394477b2-7e2a-4cfa-8b77-143992da0c4117854066878103.jpg,State Bank of India
notices/827684/fa996b01-5e13-4379-b6e6-6a615e14c28b17852555518833.jpg,Punjab National Bank
notices/827244/bb981838-3609-432b-9c1f-52daae4cf8af17852337994949.jpg,Piramal Finance Ltd
notices/827000/tfl117852235916053.jpg,Truhome Finance Limited
notices/749440/BNK-OF-BRD-217766686941962.jpg,Bank of Baroda
notices/826272/e380bf3b-9eb6-4881-b247-848a0060916417851468004892.jpg,JM Financial Asset Reconstruction Company Limited
notices/826271/24395eff-9af7-4b2b-ab87-eb52dd876ae317851462044253.jpg,JM Financial Asset Reconstruction Company Limited
notices/750284/985108c4-7cec-4af0-b010-e27fb4e2a05217767643817165.jpg,Repco Home Finance Limited
notices/750397/sbi17767716127983.jpg,State Bank of India
notices/748485/69d8e63de418b3266022801776495473466.pdf,Repco Home Finance Limited
notices/747279/49349061-065d-4f44-800e-d3d57256ffcd17763295703276.jpg,HDB Financial Services Ltd
notices/751534/CNR17769335805260.jpg,Canara Bank
notices/751005/CANR17768561648104.jpg,Canara Bank
notices/751367/CB17769209679323.jpg,Canara Bank
notices/749467/sbiii17766698905264.jpg,State Bank Of India
notices/752403/arcill17770262398475.jpg,Asset Reconstruction Company (India) Limited
notices/748893/DRT17765092508390.png,State Bank of India
notices/753056/CAN17771071657651.jpg,Canara Bank
notices/749930/ub17767038756508.jpg,Union Bank of India
notices/750225/uninbnk-117767623846998.jpg,Union Bank of India
notices/747765/ARCIL-11776411211386.jpg,Asset Reconstruction Company (India) Limited
notices/748691/inddgsr1776502960278.jpg,Indian Overseas Bank
notices/745639/icici-bnk11117761660881330.jpg,ICICI Bank Limited
notices/741113/reli17756503994814.jpg,M/s Religare Finvest Ltd.
notices/751470/JANA-3RR17769307976936.jpg,Jana Small Finance Bank Limited
notices/750427/jjjm17767741068723.jpg,JM Financial Asset Reconstruction Company Limited
notices/746769/69dc8fe99c0c117412634317762590555721.jpeg,The South Indian Bank Limited
notices/747862/20260417-61-1517764148087897.jpg,Tata Capital Housing Finance Ltd
notices/751190/Anuubhavi-Impex17768664027956.pdf,CSB Bank Ltd
notices/750391/reli1776771250980.jpg,Religare Finvest Ltd
notices/748019/CHOLAMNDL1776420725585.jpg,Housing CHOLAMANDALMENT INVESTMENT AND FINANCE COMPANY LIMITED
notices/744170/puab-3rrrr17760627888567.jpg,Punjab National Bank
notices/740836/675ef5b4-8766-4b62-80fc-ff91cbdb577217756396519328.jpg,ICICI Bank Limited
notices/841410/ARCIL17865342946708.jpg,Asset Reconstruction Company (India) Limited
notices/841101/NIDO17865281467488.jpg,Nido Home Finance Limited
notices/842475/UCO-17866205789900.jpg,UCO Bank
notices/838375/PB17862698895149.jpg,Punjab National Bank
notices/837546/082794af-e363-4acf-a346-8b4adccef38d17861167047555.jpg,Punjab National Bank
notices/842917/HDFC-4-17866288954223.jpg,HDFC Bank Limited
notices/837130/PNB17860993155887.jpg,Punjab National Bank
notices/838466/8c67ad19-5052-44f2-b9f1-5f250bbd155717863303203884.jpg,Asset Reconstruction Company (India) Limited
notices/842806/Dhamapuri-317866257371564.png,Canara Bank
notices/841988/90c0f9c5-e736-4d4e-9c03-844fbe9f645917866030941823.jpg,Canara Bank
notices/840174/db4decc7-d1b1-4c4b-b961-a1107f30e48417864471209730.jpg,Repco Home Finance Limited
notices/833179/15c47346-0097-423d-b8b6-172db18e4dea1785763891902.jpg,Hinduja Housing Finance Limited
notices/840661/08d9a522-7d87-4e11-8ca0-3cdd0e6b6ad017865150583145.jpg,CHOLAMANDALAM INVESTMENT AND FINANCE COMPANY LIMITED
notices/834620/43ed9a87-ef6d-4512-a34c-a4b169891c3717859179394553.jpg,City Union Bank Ltd
notices/842295/44917b48-0d49-47c4-94fa-7ac699a71e551786616427813.jpg,Canara Bank
notices/836704/AU17860887913450.jpg,AU Small Finance Bank Limited
notices/834809/city17859239687996.png,City Union Bank Ltd
notices/837718/719c8cdb-f44b-41d9-84cc-88ee08e35e3117861754255405.jpg,State Bank of India
notices/837407/SBI17861055659662.png,State Bank of India
notices/841710/af6e1779-15ac-40d9-83e6-49fcc57e042e1786545137579.jpg,State Bank of India
notices/842009/7ccbd624-df39-4e1b-b1ae-7ee17e74784217866040972908.jpg,State Bank of India
notices/838632/sbii17863422835999.jpg,State Bank of India
notices/840385/a0e2cc07-7773-41c4-a8ab-582a72a792b917864526172610.jpg,State Bank of India
notices/837115/124b5d9a-09a5-4c8e-bf2c-e44a3af2bd7b17860982258280.jpg,Ujjivan Small Finance Bank Ltd
notices/840413/CR17864532172207.jpg,Canara Bank
notices/837572/c101f3ef-81d6-4ef3-a1e4-1ccb80b60a0917861183779239.jpg,Sundaram Home Finance Limited
notices/834563/f9c35e64-636e-49a8-a9d8-bbd7ff53624417859165032755.jpg,Indian Overseas Bank
notices/841665/KOTK17865418516952.jpg,Kotak Mahindra Bank Limited
notices/834306/c92ff773-0393-4ca3-94d8-304d40ff95df17858954037963.jpg,Indian Overseas Bank
notices/834296/CITY17858561044092.jpg,City Union Bank Limited
notices/842929/HDB-2-17866298344099.jpg,HDB Financial Services Ltd
notices/841759/04f84da2-67dc-47e5-883c-3d504d1c90e117865511806591.jpg,Canara Bank
notices/835757/cbbv17860072537069.jpg,Canara Bank
notices/840916/d0064fb0-b747-4e83-b45b-e35efb1a988117865229921568.jpg,Canara Bank
notices/841440/BANK-OF-B17865348352555.jpg,Bank of Baroda
notices/842118/clip-1399117866101957904.jpg,Bank of Baroda
notices/842546/BOB17866220209435.jpg,Bank of Baroda
notices/836283/fedb17860191691440.jpg,Fedbank Financial Services Limited
notices/834613/42b2e8ab-0355-403f-8a27-90c33eec48d717859172653768.jpg,Bank of Maharashtra
notices/841131/TFL-2-17865292717478.jpg,Truhome Finance Limited
notices/840249/U-GRO17864489702696.jpg,U GRO Capital Limited
notices/837767/872e0b00-7013-488f-91b1-6c6382ddaecf17861794175184.jpg,Hinduja Housing Finance Limited
notices/837590/Dhmapuri-517861202246988.png,Hinduja Housing Finance Limited
notices/837523/caf0140b-c74f-4714-bb5e-5ef9371ddbeb17861095927913.jpg,Hinduja Housing Finance Limited
notices/836232/e8eba59e-69a3-4333-acf8-7f4106b4f6f41786018360124.jpg,Canara Bank
notices/837978/1-ici17861935979755.jpg,ICICI Bank Limited
notices/837225/CHOLA17861009226901.jpg,CHOLAMANDALAM INVESTMENT AND FINANCE COMPANY LIMITED
notices/836115/CHOLA17860150427116.jpg,CHOLAMANDALAM INVESTMENT AND FINANCE COMPANY LIMITED
notices/837956/20260807-63-3017861933174899.jpg,Assets Care & Reconstruction Enterprise Ltd.
notices/838028/20260807-63-301786196409949.jpg,Assets Care & Reconstruction Enterprise Ltd
notices/840930/The-New-Indian-Express-Dharmapuri-08-08-2026-page-5-page-000117865246425143.jpg,Canara Bank
notices/833268/PNBH117858241807451.jpg,PNB Housing Finance Limited
notices/841984/UCO17866029449755.png,UCO Bank
notices/837900/20260807-61-3217861881836180.jpg,UCO Bank
notices/836588/UCO17860872322318.jpg,UCO Bank
notices/835732/fe320d2e-cbfe-438c-9dc6-42acdea1f7ef17860057381320.jpg,UCO BANK
notices/835292/tmb17859339941647.jpg,Tamilnad Mercantile Bank Limited
notices/835130/cb-3-17859312269459.jpg,Canara Bank
notices/836357/GVLGBLP2617860211014897.png,Canara Bank
notices/838640/uco17863427553338.jpg,UCO BANK
notices/838453/4ba2eafc-459e-4f86-9dfe-2618c492867e17863287166546.jpg,UCO BANK
notices/833202/UCO17857651765275.jpg,UCO Bank
notices/833292/43ac7939-b3c6-460c-a66a-346d4e71a6d317858253818566.jpg,UCO Bank
notices/834231/20260804-61-241785850981550.jpg,Nido Home Finance Limited
notices/837704/371eb710-0574-4be2-a620-e306baaf568917861742776162.jpg,Indian Overseas Bank
notices/836010/ICICI-2-17860124221964.jpg,ICICI Bank Limited
notices/835607/c7ffe762-fd7a-4bed-bcf7-e2b725ba6c2117860010903042.jpg,ICICI Bank Limited
notices/841663/IOB17865415632669.jpg,Indian Overseas Bank
notices/840805/a8e5d35c-f977-443e-a039-7fce7b9c069917865204584841.jpg,Indian Overseas Bank
notices/839030/canvasss117863524034584.png,Canara Bank
notices/839030/canvasss117863524071648.png,Canara Bank
notices/840676/18f9c4a1-24fc-4fef-8ccf-e3c1782c156917865161693462.jpg,Bank of Baroda
notices/839880/ht-HT-PATM-MYINDIA-B1-P007-20260809-PXP-PIC-002-crop-branded17864332319990.jpg,Indian Bank
notices/840337/News-Clip-1-17864515977839.jpg,Union Bank of India
notices/839905/1-unb17864342063250.jpg,Union Bank of India
notices/839927/2d9a60b9-1cd6-4780-a249-86ba0b6502e51786434883799.jpg,Union Bank of India
notices/839843/ub-5-17864315383774.jpg,Union Bank of India
notices/746839/IB-2-17762660365910.jpg,Indian Bank
notices/839833/ub-2-17864312855597.jpg,Union Bank of India
notices/833200/UNION17857650695730.jpg,Union Bank of India
notices/833971/GFGGB8JS31785843358148.png,Canara Bank
notices/839823/jana-s17864303265591.png,Jana Small Finance Bank Limited
notices/838482/44550736-5df5-4f78-bb6b-1156397de34f17863319937247.jpg,YES BANK LIMITED
notices/838452/3ec7ddd1-40b5-40d7-a2cb-177f9cba1c6617863284009105.jpg,YES BANK LTD
notices/838390/JM17862713254643.jpg,JM Financial Asset Reconstruction Company Limited
notices/838389/JMF-2-17862712526763.jpg,JM Financial Asset Reconstruction Company Limited
notices/837060/57b40b22-8588-4c4f-80ad-5b1b27d60b0717860974598949.jpg,JMFARC (JM)
notices/836537/6275545b-e362-402e-9268-390d8e2f7ce917860854946277.jpg,JM Financial Asset Reconstruction Company Limited
notices/834839/Dharmapyuri-117859247903476.png,Cholamandalam Investment and Finance Company Limited
notices/838602/csbb17863420662515.jpg,CSB Bank Limited
notices/835676/9744cf3d-f2ab-4e20-b7ba-280e71f3d22517860024365019.jpg,Canara Bank
notices/839799/cbb17864290984280.png,Canara Bank
notices/838642/e28359ae-5d5a-4ff8-82ed-3b91d3c8d72e17863431689632.jpg,YES BANK
notices/838068/20260807-61-311786198802597.jpg,Hero Fincorp Limited
notices/835743/c84590ee-ea40-4df3-9438-9ef358a535a617860063643428.jpg,The Repatriates Co-operative Finance & Development Bank Ltd.
notices/833151/9dc1608c-56e1-4f7b-8292-231bd874ffad17857626981962.jpg,CHOLAMANDALAM INVESTMENT AND FINANCE COMPANY LIMITED
notices/745449/d60a2b90-2633-4ced-9dfd-e3ad4e36b16317761573856248.jpg,State Bank of India
notices/768598/1ea94c6d-dde3-4c6a-8c72-d0748cb316b117788532467683.jpg,Asset Reconstruction Company (India) Limited
notices/764677/0749aee7-6ee4-4444-876e-6e3caa84540117785782023041.jpg,Asset Reconstruction Company (India) Limited
notices/772050/UNITY17791839476817.jpg,Unity Small Finance Bank Ltd
notices/767598/uco17787628202777.jpg,UCO Bank
notices/747278/jna-2rrr1776329538381.jpg,Jana Small Finance Bank Limited
notices/764496/ARCIL17785710924816.jpg,Asset Reconstruction Company (India) Limited
notices/771735/CAN-FN17791717934176.png,Can Fin Homes Ltd
notices/772317/hdfc-bb17791919623116.jpg,HDFC Bank Ltd
notices/772242/canarabnk-517791896966243.jpg,Canara Bank
notices/764829/4df642f6-36dc-464b-b6b6-f7091376bee117785844534295.jpg,Asset Reconstruction Company (India) Limited
notices/771923/9cf19ec7-9adf-4e06-9333-6ad389c4864317791784899348.jpg,Bank of Baroda
notices/770909/L83706797117790834119595.png,Canara Bank
notices/769444/56d7667b-5832-4245-bd9c-97d2d5816f4e17789306283824.jpg,Union Bank of India
notices/744096/pnb-2-17760011472552.jpg,Punjab National Bank
notices/770038/UNINBNK17789951073762.jpg,Union Bank of India
notices/772515/cb-8-17792096149108.jpg,Canara Bank
notices/771802/KARNTAK17791745044369.jpg,Karnataka Bank Ltd
notices/771302/SB17791015692507.jpg,State Bank of India
notices/771157/The-New-Indian-Express-Dharmapuri-17-05-2026-page-917790978936340.pdf,State Bank of India
notices/769404/sbii-bbb17789291034264.jpg,State Bank of India
notices/770820/d7270ec5-8dcf-4df5-a031-473a7afd52ca17790699936361.jpg,CHOLAMANDALAM INVESTMENT AND FINANCE COMPANY LIMITED
notices/767293/9e3f0ae2-1a2a-4ce3-ba96-b4ac791a60f717787534528940.jpg,The Federal Bank Ltd
notices/770593/cb-fh17790258131197.jpg,Canara Bank
notices/770794/9a5522e9-8f52-4850-bd45-b22ea0d74f1217790654704115.jpg,The Federal Bank Ltd
notices/771143/CR17790972122797.jpg,Canara Bank
notices/771134/CANR17790967142172.jpg,Canara Bank
notices/770240/hindhuja17790070384361.png,Hinduja Housing Finance Limited
notices/770205/hindhuja-3-17790066908721.jpg,Hinduja Housing Finance Limited
notices/767296/can-fin17787538068769.jpg,Can Fin Homes Ltd
notices/767597/bnk-of-brd-317787629109975.png,Bank of Baroda
notices/767595/bnk-of-brd-217787627816547.png,Bank of Baroda
notices/767602/bnk-of-brd-417787630544503.png,Bank of Baroda
notices/767593/bnk-of-brd-117787626487104.png,Bank of Baroda
notices/765796/baroda-bb17786644411719.png,Bank of Baroda
notices/770607/cb-4-17790262932499.jpg,Canara Bank
notices/767008/3rrr17787436866571.jpg,Canara Bank
notices/766805/5f82d119-0fe3-4f0f-9528-f17ef3e4102117787369968079.jpg,Canara Bank
notices/766460/6ff350f8-a637-42df-8bcc-4106d5a9fce017786774712475.jpg,Canara Bank
notices/772055/TRUHOME17791841494449.jpg,Truhome Finance Limited
notices/767401/indus17787567426346.jpg,INDUSIND BANK LTD
notices/764765/9b6c180b-0d13-4d2b-ae71-2bb2d373b21517785819725241.jpg,Canara Bank
notices/765892/canarabnk-217786664023268.png,Canara Bank
notices/768987/aditya-317789127469320.jpg,Aditya Birla Housing Finance Limited
notices/767495/hinduja-bb17787586948352.jpg,Hinduja Housing Finance Limited
notices/766816/1-t217787375315484.jpg,Hinduja Housing Finance Limited
notices/766551/icic-bnk-51778678907455.png,ICICI Bank Limited
notices/767053/1pnb-h117787451072530.jpg,PNB Housing Finance Limited
notices/765474/cb-13-17786527535096.jpg,Canara Bank
notices/772477/CHOLA-6-177920380597.jpg,Cholamandalam Investment and Finance Company Limited
notices/771739/CANFN17791720254760.png,Can Fin Homes Ltd
notices/771299/prot17791015249598.jpg,Protium Finance Ltd
notices/771758/GRIHM-2-1779172532250.jpg,Grihum Housing Finance Limited
notices/771629/chola177911190167.jpg,Cholamandalam investment and Finance Company Limited
notices/770404/CHOLA17790131675625.png,Cholamandalam investment and Finance Company Limited
notices/767263/8e3d4b31-9711-479d-94ad-a72aa995b1e517787519593953.jpg,Axis Bank Ltd.
notices/766907/1icic17787406152856.jpg,ICICI Bank Limited
notices/766879/icic17787401389881.jpg,ICICI Bank Limited
notices/771811/LIC-HSNG-BB17791747968584.jpg,LIC Housing Finance Ltd
notices/770869/tfl17790813432886.jpg,Truhome Finance Limited
notices/771085/iob17790911985249.jpg,Indian Overseas Bank
notices/769985/20260514-61-0717789794543719.jpg,Jana Small Finance Bank Limited
notices/765819/clix-bb17786649177979.jpg,Clix Capital Services Pvt. Ltd.
notices/764959/61eac239-e917-456e-8bef-574eccdc557217785892172093.jpg,Karnataka Bank Ltd
notices/767492/20260513-61-1717787584634441.jpg,Tata Capital Housing Finance Ltd
notices/769102/canarabnk-1117789197386326.jpg,Canara Bank
notices/769017/9c417756-2894-412b-bb28-4530449d058c17789149535020.jpg,Canara Bank
notices/763503/ibvb17784872807148.jpg,ICICI Bank Limited
notices/770837/Dharmapuri-217790729727089.png,Can Fin Homes Ltd
notices/769531/22piirrrr17789329282829.jpg,Piramal Finance Ltd
notices/768045/piramal-117788229106484.png,Piramal Finance Ltd
notices/767287/9c28a6de-45c4-4b4c-b3fc-4112a31c783c17787530999470.jpg,Pirama Finance Ltd
notices/767478/yes1778758089634.jpg,YES BANK LTD.
notices/766444/piramal-bbbbb17786771649197.jpg,Piramal Finance Ltd
notices/764996/99a724ce-afa0-4d04-a4f3-4e838b16607e17785907117833.jpg,Punjab National Bank
notices/763005/hinduj17783848969216.jpg,Hinduja Housing Finance Limited
notices/770880/Dharmapuri-11779082391936.png,Religare Finvest Ltd
notices/771281/PUNJB17791012038493.jpg,Punjab National Bank
notices/765402/bob-2-17786445158147.jpg,Bank of Baroda
notices/771679/city-2-17791248282954.jpg,City Union Bank Limited
notices/744972/south-ind17760868111915.png,South Indian Bank Ltd
notices/767038/ecd28d33-f73f-4f40-af8f-58c669b222ec17787446851854.jpg,Equitas Small Finance Bank
notices/766482/49d2c08c-ac37-4e02-80c2-4391dbfa75fc17786777622634.jpg,Equitas Small Finance Bank
notices/766628/b-217786808719069.jpg,Equitas Small Finance Bank
notices/765736/9b916327-6c4d-4729-a875-0ed1dc5ef42117786628129932.jpg,Equitas Small Finance Bank
notices/765501/1equ17786549254022.jpg,Equitas Small Finance Bank
notices/765493/3eb2ebca-5c77-4a06-834f-e7ed4c3c5a3417786547955522.jpg,Equitas Small Finance Bank
notices/763382/9ab4f1e7-ac40-4585-94d8-7274fbb2166e17784783675542.jpg,Canara Bank
notices/763405/9999a738-4a76-421e-900f-918ec959cd2217784803185637.jpg,IFL Home Finance Limited
notices/765416/CAN17786456784928.jpg,Can Fin Homes Ltd
notices/763515/unb17784883991732.jpg,Union Bank of India
notices/765459/cb-3-17786512948617.jpg,Canara Bank
notices/765471/cb-9-17786523321677.jpg,Canara Bank
notices/766712/jm17786945448851.jpg,JM Financial Asset Reconstruction Company Limited
notices/766682/lic17786839857980.jpg,LIC Housing Finance Ltd
notices/764391/truh17785675248529.jpeg,Truhome Finance Limited
notices/743468/EQTA17759090614670.jpg,Equitas Small Finance Bank Ltd.
notices/750329/ccnar-rr17767664415807.jpg,Canara Bank
notices/751082/ind-over17768597585904.jpg,Indian Overseas Bank
notices/748958/GRIHM17765104963372.jpg,Grihum Housing Finance Limited
notices/744279/L82896047517760666035709.png,Karnataka Bank Ltd
notices/750893/sossuth17768497259721.jpg,The South Indian Bank Limited
notices/749534/162c5117-32c1-4b6f-a893-b43541f3dfcf17766776422869.jpg,Can Fin Homes Ltd
notices/747066/CAN17763166413270.jpg,Canara Bank
notices/746066/jana17761892729951.jpg,Jana Small Finance Bank Limited
notices/751782/icic217769411874346.jpg,ICICI Home Finance Company Ltd
notices/750316/cchchc17767654451061.jpg,CHOLAMANDALAM INVESTMENT AND FINANCE COMPANY LIMITED
notices/747290/omkara17763301145960.jpg,Omkara Assets Reconstruction Pvt Ltd
notices/746927/IOB17762720632914.jpg,Indian Overseas Bank
notices/744057/au17759857097119.jpg,AU Small Finance Bank Ltd
notices/751122/protium17768619952141.jpg,Protium Finance Ltd
notices/749030/ea8b5254-a602-4b26-b50e-963359b481c817765132226868.jpg,Canara Bank
notices/747371/icicibnk-117763347149842.jpg,ICICI Bank Limited
notices/745829/kb117761731554954.jpg,Karnataka Bank Ltd
notices/749996/canarabnk-1-bbb17767470112418.jpg,Canara Bank
notices/748101/canar-bnk-117764249238855.jpg,Canara Bank
notices/751773/icic117769410421365.jpg,ICICI Home Finance Company Limited
notices/745641/icici-bnk-217761662883518.jpg,ICICI Bank Limited
notices/749496/vist17766723902402.jpg,Vistaar Financial Services Private Limited
notices/750365/a247fb17767694809852.jpg,State Bank of India
notices/746581/ee29d1cb-b2eb-4465-a858-90cff4e28ff917762548088344.jpg,Hinduja Housing Finance Limited
notices/750533/janah17767801605998.jpg,Jana Small Finance Bank Limited
notices/752691/karnataka1777038500264.jpg,Karnataka Bank Ltd
notices/751019/chola17768570775212.png,Cholamandalam Investment and Finance Company Limited
notices/748107/CITY17764251658449.jpg,City Union Bank Limited
notices/749644/INDIN17766835487752.jpg,Indian Bank
notices/749828/unb-vnk17766933432202.jpg,Union Bank of India
notices/748106/canarabnk-317764252511947.jpg,Canara Bank
notices/744174/sssb17760630677962.jpg,State Bank of India
notices/748131/6b5c24d4-fce4-4d5a-82ea-6bf2da6d5beb17764271651889.jpg,Indian Bank
notices/752736/CITY-2-17770430722036.jpg,City Union Bank Limited
notices/752591/Gangadaran17770335393189.pdf,Repco Home Finance Limited
notices/748606/chaol-21rr17765002441636.jpg,Cholamandalam Investment and Finance Company Limited
notices/752579/69e8bbd2a9ee889055031417770332077778.pdf,Repco Home Finance Limited
notices/744456/EQ-3-1776073710926.jpg,Equitas Small Finance Bank Ltd
notices/748779/ccratas17765050903194.jpg,Canara Bank
notices/752585/69e8bc82cc39935346000117770332723527.pdf,Repco Home Finance Limited
notices/747333/c6259bd8-fecc-47d1-a3e2-88f5fbc96ac61776332097591.jpg,Omkara Assets Reconstruction Pvt Ltd
notices/744920/icicbnk17760849592061.jpg,ICICI Bank Limited
notices/752735/CITY-1-17770429198897.jpg,City Union Bank Limited
notices/750477/state-bnk17767763607482.jpg,State Bank of India
notices/752162/canaravbnk17770102739179.jpg,Canara Bank
notices/750390/reli17767712353088.jpg,Religare Finvest Ltd
notices/744425/7199c0a2-bc58-4e34-bb64-c6c71725a30417760725347024.jpg,Equitas Small Finance Bank Ltd
notices/752587/69e8ba447a33f46283896417770334129291.pdf,Repco Home Finance Limited
notices/744453/EQ-2-17760732123520.jpg,Equitas Small Finance Bank
notices/752586/69e8be055828879136605517770333305694.pdf,Repco Home Finance Limited
notices/743473/EQUITS17759092584690.jpg,Equitas Small Finance Bank Ltd.
notices/742868/liq-2rr17758287271408.jpg,M/s. Fipola Retail (India) Private Limited (In Liquidation)
notices/749902/icici17767009351695.jpg,ICICI Bank Limited
notices/752257/baffaf68-3e1c-48ea-8cfd-79f54cb24b0d17770217832480.jpg,Asset Reconstruction Company (India) Limited
notices/749667/EQTA1776684496721.jpg,Equitas Small Finance Bank Ltd.
notices/750338/20260421-63-0217767669535231.jpg,Jana Small Finance Bank Limited
notices/752340/hdfc17770243808687.jpg,HDFC Bank Ltd
notices/751576/UB17769355399142.jpg,Union Bank of India
notices/751064/psrstat17768587963620.jpg,Protium Finance Ltd
notices/750859/PNB17768470642380.jpg,Punjab National Bank
notices/750526/BOB17767797579833.jpg,Bank of Baroda
notices/751158/JANA17768644387615.jpg,Jana Small Finance Bank Limited
notices/750879/bajajaj17768479298933.jpg,Bajaj Housing Finance Ltd
notices/748025/cub-bbb17764211468706.jpg,City Union Bank Limited
notices/741614/Manappuram17757287666316.jpg,Manapouram Home Finance Ltd
notices/751638/un317769374667852.jpg,Union Bank of India
notices/748005/CHOLA17764203907506.jpg,CHOLAMANDALAM INVESTMENT & FINANCE COMPANY LIMITED
notices/746101/indiaoverses17762272468304.jpg,Indian Overseas Bank
notices/747734/ARCIL-517764098959615.jpg,Asset Reconstruction Company (India) Limited
notices/742088/PNBB17757988806682.jpg,Punjab National Bank
notices/750340/stsstst17767670675711.jpg,State Bank of India
notices/750885/chccola177684833589.jpg,Cholamandalam investment and Finance Company Limited
notices/750610/chola17767892006308.jpg,Cholamandalam Investment and Finance Company Limited
notices/748302/sbiiiii-117764427987661.jpg,State Bank of India
notices/746868/HINDUJA17762680785985.jpg,Hinduja Housing Finance Limited
notices/747900/7c5fa8ba-7d2c-409f-9261-6bb3d7abddec1776416382469.jpg,InCred Financial Services Limited
notices/740884/UNION17756422108380.jpg,Union Bank of India
notices/750887/ccrdtd17768487529228.jpg,Canara Bank
notices/741014/karur17756458904836.jpg,The Karur Vysya Bank Limited
notices/752419/hdfdsfs17770266281290.jpg,HDFC Bank Limited
notices/746778/69dc986eb699508417310017762591846193.jpeg,The South Indian Bank Limited
notices/744970/SI17760864481749.jpg,The South Indian Bank Limited
notices/744960/SOUTH-B-17760860442686.jpg,South Indian Bank
notices/744316/south1776068705652.jpg,The South Indian Bank Limited
notices/750901/uuufggg17768503269355.jpg,Union Bank of India
notices/746761/69dc8ed0a8ad774544163017762588868585.jpeg,The South Indian Bank Limited
notices/752094/c46eea6b-bade-4bb9-9405-5b4b36d3329b17769552475033.jpg,CHOLAMANDALAM INVESTMENT AND FINANCE COMPANY LIMITED
notices/749448/icici-bnk-117766694924745.jpg,ICICI Bank Limited
notices/752160/ugro17770095098150.jpg,U GRO Capital Limited
notices/748468/jaansd17764937632183.jpg,Jana Small Finance Bank Limited
notices/744948/SOUTH-I17760857138377.jpg,The South Indian Bank Limited
notices/744971/sou-ind217760865165643.jpg,The South Indian Bank Limited
notices/748407/omkar1776449742243.jpg,Omkara Assets Reconstruction Pvt. Ltd.
notices/753074/UNIN17771077612820.jpg,Union Bank of India
notices/744204/13ec8d07-35ac-425e-b6d5-ab723e9fd94017760644501990.jpg,The South Indian Bank Limited
notices/746833/IB-3-17762656754816.jpg,Indian Bank
notices/746459/p-513108217762481876859.jpg,Clix Capital Services Pvt. Ltd.
notices/750341/canara17767666544858.jpg,Canara Bank
notices/751159/E-Auction-Sale-Notice-08-05-2026-317768645485601.pdf,The South Indian Bank Ltd
notices/740876/icici-bnk-1-bb17756420164214.jpg,ICICI Bank Limited
notices/753011/6e112e13-9206-4793-8220-21c3c11b89d617771046975265.jpg,Indian Bank
notices/746770/69dc9303ccc59469060591-217762593064321.jpeg,South Indian Bank Ltd
notices/751650/vnbvcn17769379875484.jpg,Truhome Finance Limited
notices/750931/FEDRL17768526411802.jpg,Fedbank Financial Services Limited
notices/744973/southind117760869651451.png,The South Indian Bank Limited
notices/748596/chola-3rrrr17764999362381.jpg,Cholamandalam Investment and Finance Company Limited
notices/748231/3rrr17764343403822.png,Canara Bank
notices/751627/un117769368604165.jpg,Union Bank of India
notices/751632/un217769371346702.jpg,Union Bank of India
notices/750203/TATA-2-17767600013704.jpg,Tata Capital Housing Finance Ltd
notices/744889/sbi1776083883522.png,State Bank of India
notices/744098/pnb417760013005637.jpg,Punjab National Bank
notices/750488/sundr17767767072066.jpg,Sundaram Home Finance Limited
notices/753059/CANR-2-17771073013647.jpg,Canara Bank
notices/750243/indinbnk-bb17767629645874.jpg,Indian Bank
notices/750382/Fedbnk1776770495119.jpg,Fedbank Financial Services Limited
notices/751784/pnb17769412697964.jpg,PNB Housing Finance Limited
notices/740880/TOs-0617756421047165.jpg,ICICI Bank Limited
notices/747478/india-overs-bb17763416408635.jpg,Indian Overseas Bank
notices/752455/ccarra17770277902829.jpg,Canara Bank
notices/747856/PNB-2-17764144586972.jpg,Punjab National Bank
notices/746752/OMKAR17762585491790.jpg,Omkara Assets Reconstruction Pvt Ltd
notices/747250/ecb5cead-c69b-4f1b-a474-173b99e32fe717763285254584.jpg,ICICI Bank Limited
notices/750663/tata17767956324692.jpg,Tata Capital Limited
notices/749573/TAMILND17766811209244.jpg,Tamilnad Mercantile Bank Ltd.
notices/745873/KB17761765393736.pdf,Karnataka Bank Ltd
notices/745760/south-ind-117761695587274.jpg,The South Indian Bank Limited
notices/740886/UNIN1775642378671.jpg,Union Bank of India
notices/750153/choala-bbghh17767575878625.jpg,Cholamandalam Investment and Finance Company Limited
notices/745044/ub-2-17760916378401.jpg,Union Bank of India
notices/744048/pnb-4-17759821614211.jpg,Punjab National Bank
notices/749041/UNITY17765136221983.jpg,Unity Small Finance Bank Ltd
notices/748475/auction-notice-177572911117764948687027.pdf,The Karur Vysya Bank Limited
notices/750970/boibrrg17768543903712.jpg,BANK OF INDIA
notices/752475/IDBI17770286976990.jpg,IDBI Bank Limited
notices/747937/BOI1776418165824.jpg,BANK OF INDIA
notices/752477/IDB1777028824761.jpg,IDBI Bank Ltd
notices/750940/uuurrrr17768529831106.jpg,Union Bank of India
notices/749193/cb-4-17765222491563.jpg,Canara Bank
notices/748882/protim17765085272929.jpg,Protium Finance Ltd
notices/747904/9dda98de-e98a-4ff1-a23b-e5da877551e617764166588290.jpg,HDB Financial Services Ltd.
notices/741797/equ-sml17757353282359.jpg,Equitas Small Finance Bank Ltd.
notices/752161/Ecl17770098112911.jpg,ECL Finance Limited
notices/750757/924ef84e-505d-421b-84d9-c1add7d28a5517768438623548.jpg,Canara Bank
notices/750844/EDEL17768466988652.jpg,Edelweiss Asset Reconstruction Company Limited
notices/741607/73357366-a143-4a9c-89f7-42bb53cfd7ee17757285636064.jpg,Punjab National Bank
notices/749532/hdb17766772141172.jpg,HDB Financial Services Ltd
notices/745685/unin-bnk1776167265269.jpg,Union Bank of India
notices/746771/69dc999355ae737045153517762593888665.jpeg,The South Indian Bank Limited
notices/749963/sbi17767073102649.jpg,State Bank of India
notices/747873/4ccd3f48-6796-42b5-b643-b54008ba51ba17764151625941.jpg,BANK OF INDIA
notices/748217/dssfds17764316321437.jpg,BANK OF INDIA
notices/749036/can17765133667029.png,Can Fin Homes Ltd
notices/752370/c8e2717770253328672.jpg,IDBI BANK LIMITED
notices/746798/INDIN17762600204254.jpg,Indian Overseas Bank
notices/744158/jana17760613612816.jpg,Jana Small Finance Bank Limited
notices/749370/inddgsf17766644853942.jpg,Indian Bank
notices/749301/1e156b2c-75a3-44fa-a255-27d85bdb7f6317766619993108.jpg,Indian Overseas Bank
notices/750756/ccncar-bbb17768435023378.jpg,Canara Bank
notices/749056/d9bf4443-fe08-4e39-b3a0-bba45cdb0d9717765141633623.jpg,Canara Bank
notices/744872/ugro17760835778650.jpg,U GRO Capital Limited
notices/752241/1-ind-bnk17770206931368.jpg,Indian Bank
notices/749022/JANA17765131506121.jpg,Jana Small Finance Bank Limited
notices/747948/056e5593-2ea5-4cbb-ba1d-ae05f12b391a17764184978437.jpg,Canara Bank
notices/750851/chccol-2rrr17768468255372.jpg,Cholamandalam investment and Finance Company Limited
notices/749431/CANR-2-1776667965182.jpg,Canara Bank
notices/750902/canarabnk-bb17768506806965.jpg,Canara Bank
notices/750895/ififl-rrrrrr17768498698609.jpg,IFIL Home Finance Limited
notices/750507/ib-bnkk17767780313241.jpg,Indian Bank
notices/750935/chccuuu17768527336253.jpg,Cholamandalam investment and Finance Company Limited
notices/751165/UGRO17768648736789.jpg,U GRO Capital Limited
notices/750876/bjaja-4trrr17768475931517.jpg,Bajaj Housing Finance Ltd
notices/750447/cctcy1776775089408.jpg,City Union Bank Limited
notices/750700/CB17768395975376.jpg,Canara Bank
notices/752578/1-4717770331181449.pdf,Repco Home Finance Limited
CITY-UNIN-317754784525197.jpg,City Union Bank Limited
CANR17755564396285.jpg,Canara Bank
rrre17753035816342.jpg,Repco Home Finance Limited
ccrarads17755575808819.jpg,Canara Bank
69c7a08cd051448997108317752135497291.pdf,Repco Home Finance Limited
omka17754477304009.jpg,Omkara Assets Reconstruction Pvt Ltd
e6393e48-3557-453f-b0a7-0f409e08a3cf17749536737950.jpg,Bank of Baroda
1-35017750512015564.pdf,Repco Home Finance Limited
STATE17749624854820.jpg,State Bank of India
UNIN17755605159440.jpg,Union Bank of India
REPCO1775133012843.jpg,Repco Home Finance Limited
69c3bfcf3b8dd61551729317752129483846.pdf,Repco Home Finance Limited
ICIC17753006051100.jpg,ICICI Bank Limited
25866a8f-71ec-435b-8930-90a0a460796e17753011844574.jpg,City Union Bank Limited
eq-2rr17751290924233.jpg,Equitas Small Finance Bank
fced2893-635a-4062-b6c2-2ea67e193aa017751238855861.jpg,Equitas Small Finance Bank
equtia17751255456517.jpg,Equitas Small Finance Bank
EQUITAS-3-17751206975929.jpg,Equitas Small Finance Bank
EQUITAS17751210117395.jpg,Equitas small finance Bank
EQ17751190695772.jpg,Equitas Small Finance Bank
EQTS17751191553214.jpg,Equitas Small Finance Bank
p59517749627271477.jpg,BAJAJ FINANCE LIMITED
3e98a1d2-c85c-42fb-9126-e50e9dae9a2317754581042031.jpg,CHOLAMANDALAM INVESTMENT AND FINANCE COMPANY LIMITED
JANA17751315992758.png,Jana Small Finance Bank Limited
76fe3b08-9611-4e14-90da-16940618f27e1775205339444.jpg,RBL Bank Ltd
CITY-UNIN17754650604544.jpg,City Union Bank Limited
35c1fd2b-6822-4e0a-b90c-ef8b91e6061317752975748140.jpg,Cholamandalam Investment and Finance Company Limited
BOI17754592085742.jpg,BANK OF INDIA
chol-inv17753025167116.jpg,Cholamandalam Investment and Finance Company Limited
KGB1775297075344.jpg,Karnataka Bank Ltd
1-30617750505628162.pdf,Repco Home Finance Limited
hdfc-bnk-bbb17754704296393.jpg,HDFC Bank Ltd
c-1rrr1775043377378.jpg,Canara Bank
addddd17752919087704.jpg,Aditya Birla Capital Limited
DRT17742797006442.png,Tamilnad Mercantile Bank Ltd.
acre17750364413196.jpg,Assets Care & Reconstruction Enterprise Ltd.
TMB17753100898517.jpg,Tamilnad Mercantile Bank Limited
IO17753010741945.jpg,Indian Overseas Bank
rreye17751268244937.jpg,YES BANK LTD
repco17749638984426.jpg,Repco Home Finance Limited
10a4e40e-3243-459e-9493-831c457b377317752069935219.jpg,Canara Bank
03d32549-182a-46be-94b0-ff3d756ea96917751204754847.jpg,Canara Bank
HDFC17752985449545.jpg,HDFC Bank Ltd
chola-117752823349652.jpg,CHOLAMANDALAM INVESTMENT AND FINANCE COMPANY LIMITED
chola217752825315533.jpg,CHOLAMANDALAM INVESTMENT AND FINANCE COMPANY LIMITED
ICI1775043493893.jpg,ICICI Bank Limited
hjans17754672267658.jpg,Jana Small Finance Bank Limited
4-3-2026-English-Chennai-1-pages-117753186727884.jpg,Axis Bank Ltd.
36b7c683-4a5e-45f6-bb6a-fc31a64b4eae17752980123312.jpg,State Bank of India
axis-bnk-bb17752995466876.jpg,AXIS Bank Ltd.
SBI17752826937873.jpg,State Bank of India
c847e65b-a8ca-491f-aaba-ce085a065d1517753022999870.jpg,State Bank of India
bob17750338698355.png,Bank of Baroda
icihfg17749615434100.jpg,ICICI Home Finance Company Limited
chcchaola17746967805167.jpg,CHOLAMANDALAM INVESTMENT AND FINANCE COMPANY LIMITED
Pnb-bbbb17756402742614.jpg,Punjab National Bank
sbi17760046566567.jpg,State Bank of India
EQ17762388272644.jpg,Equitas Small Finance Bank Ltd
Repco-Home-Finance-Guindy-Chennai17768720954770.pdf,Repco Home Finance Limited
REPO17768610048220.jpg,Repco Home Finance Ltd
Repco-Home-Finance-Limited-Bakkiyalakshmi-S17768721877675.pdf,Repco Home Finance Limited
SUNDRM177686031094.jpg,Sundaram Home Finance Limited
sbi-2-17769267952172.jpg,State Bank of India
DRT17766746215591.jpg,Indian Overseas Bank
DRT-AC17765089172120.png,Indian Overseas Bank
BON17769319988084.jpg,Bank of Baroda
city217766912781652.jpg,City Union Bank Limited
city117766911019932.jpg,City Union Bank Limited
cty-2rrr17767649581376.jpg,City Union Bank Limited
cty-1rrr1776765095345.jpg,City Union Bank Limited
958309df-eb95-41b7-b685-77de2729ba7c17764986568111.jpg,Repco Home Finance Limited
bob17767028313354.jpg,Bank of Baroda
BOB17768453312828.jpg,Bank of Baroda
BANK-OF-B17766658095917.jpg,Bank of Baroda
baradsdsda17768500247267.jpg,Bank of Baroda
city17766856316000.jpg,City Union Bank Limited
DBS-Bank-India-Ltd17768530993398.jpg,DBS Bank India Limited
dbs17767960041194.jpg,DBS Bank India Limited
Anushka-1-117768521806682.pdf,DBS Bank India Limited
drt17767883718903.jpg,Indian Bank
3a55963c-a130-4854-b5b9-2c6f554e95db17766762858095.jpg,DBS Bank India Limited
c92d3dea-8972-4c8c-b76a-af88ac1cc4bc17763319592526.jpg,State Bank of India
b5902c4a-3bb5-4554-bccf-32f0d535ce1717763311793516.jpg,Repco Home Finance Limited
notices/756412/DCB17775515679769.jpg,DCB Bank Ltd
notices/761438/4639e71d-5b91-4ac3-b219-baf92605ba6a17782078359865.jpg,INDUSIND BANK LTD
notices/762863/7a7ec8d3-5a59-4281-9459-ac628403573217783451069385.jpg,State Bank of India
notices/760697/bob-d17781429092935.jpg,Bank of Baroda
notices/756155/bob17775378007809.jpg,Bank of Baroda
notices/761737/hhhdn17782368803108.jpg,Union Bank of India
notices/760380/icici-2-17780905382031.jpg,ICICI Bank Limited
notices/760726/ichjk17781447012941.jpg,ICICI Bank Limited
notices/757412/sh17777326025794.jpg,Sundaram Home Finance Limited
notices/759947/janan-2rrr17780678098428.jpg,Jana Small Finance Bank Limited
notices/758158/b08c786e-96d7-4ceb-af40-3548fb1a213917779021825937.jpg,Deutsche Bank AG
notices/762336/jana-small-317783173317548.jpg,Jana Small Finance Bank Limited
notices/758110/cub17779003982308.jpg,City Union Bank Limited
notices/761303/1a99450f-50b0-45e9-8a48-f8058e9db91617781641132601.jpg,Can Fin Homes Ltd.
notices/759558/CITY-B17780484364249.jpg,City Union Bank Limited
notices/755527/dcb-2rrrrr17774473711776.jpg,DCB BANK LTD
notices/755523/dcb-222217774471649929.jpg,DCB Bank Ltd
notices/755526/dcb-1rrrr17774472808244.jpg,DCB Bank Ltd
notices/761591/1-cb-v17782268934312.jpg,Canara Bank
notices/758109/city17779002447481.jpg,City Union Bank Limited
notices/761475/boiii17782192878462.jpg,Bank of India
notices/760699/eed6f757-68ff-49aa-99d9-17726d63285f17781431886145.jpg,BANK OF INDIA
notices/758029/REPCO17778961155318.jpg,Repco Home Finance Limited
notices/757636/icici-2-17778259783995.jpg,ICICI Bank Limited
notices/756674/cfm17775601351058.jpg,CFM Asset Reconstruction Pvt. Ltd.
notices/756745/69766abc-73f6-47d2-afe3-ca3c054d27c917775632011836.jpg,Bank of Baroda
notices/762341/grihum-217783179422731.jpg,Grihum Housing Finance Limited
notices/761318/iob17781650006978.jpg,Indian Overseas Bank
notices/760525/Chennai-May-06-2026-page-1917781332713577.pdf,Punjab National Bank
notices/760277/1-De00011778082587359.jpg,Punjab National Bank
notices/754002/KARUR17772751749432.jpg,The Kanur Vysya Bank Ltd
notices/760743/pa80617781458508871.jpg,ICICI Home Finance Company Ltd.
notices/759546/bob17780467033908.jpg,Bank of Baroda
notices/759564/bob-117780494357291.jpg,Bank of Baroda
notices/757999/true17778939624450.jpg,Truhome Finance Limited
notices/756295/icicbnk17775482165229.jpg,ICICI Bank Limited
notices/756798/jana17775674169307.jpg,Jana Small Finance Bank Limited
notices/758421/c2cf97e3-b74d-4fe6-87ed-6346bf215f7e17779090504017.jpg,Repco Home Finance Limited
notices/757405/repco17777321921898.jpg,Repco Home Finance Limited
notices/757625/aircil17778230244415.jpg,Asset Reconstruction Company (India) Limited (ARCIL)
notices/762328/bnk-of-brd-217783162236956.jpg,Bank of Baroda
notices/757755/BOB17778780426550.jpg,Bank of Baroda
notices/756597/bob17775582082253.jpg,Bank of Baroda
notices/755204/f3246e0b-9a7b-4369-a0ad-5385f4c6cf1517773739825923.jpg,City Union Bank Limited
notices/757649/cb-5-17778284853922.jpg,Canara Bank
notices/761234/uutys17781600635985.jpg,UTKARSH SMALL FINANCE BANK LIMITED
notices/760828/571ff2-cc99-46e4-9e7a-58465781115317781486548054.jpg,Bank of Baroda
notices/758050/53acf5ec-e49f-4596-b6c8-adf42fa561bc17778972967188.jpg,Indian Bank
notices/762681/sunfr17783366576212.jpg,Sundaram Home Finance Limited
notices/759120/repco-1-17779830342318.jpg,The Repatriates Co-operative Finance & Development Bank Ltd.
notices/755410/mana-h17773837762521.jpg,Manappuram Home Finance Ltd
notices/755378/pnb-hu17773815559558.jpg,PNB Housing Finance Limited
notices/762208/CAN17783073494339.jpg,Canara Bank
notices/756573/HINDUJA17775574054730.jpg,Hinduja Housing Finance Limited
notices/754805/hdb17773619009739.jpg,HDB Financial Services Ltd
notices/754028/APTUS17772766514621.jpg,Aptus Value Housing Finance India Limited
notices/761787/525a919f-931c-488d-89ae-e4024e5282b7177823961635.jpg,Tamilnad Mercantile Bank Ltd
notices/755956/bob1777475258673.jpg,Bank of Baroda
notices/755847/bobd17774642994087.jpg,Bank of Baroda
